Q#,Question,Option1,Option2,Option3,Option4,Option5,Answer
1,Which organisations have partnered to launch an IoT-enabled loan model for shrimp farmers in Andhra Pradesh?,"NABARD, Andhra Pradesh Grameena Bank & Aqua Exchange Agritech Pvt. Ltd.",State Bank of India & Blue Revolution Mission,NABARD & National Fisheries Development Board,ICICI Bank & Marine Products Export Development Authority,Andhra Pradesh Government & Aqua Solutions Pvt. Ltd.,"NABARD, Andhra Pradesh Grameena Bank & Aqua Exchange Agritech Pvt. Ltd."
2,What is the IMF's revised GDP growth forecast for India for FY26 and FY27?,6.1%,6.5%,6.4%,6.2%,6.8%,6.4%
3,What was the year-on-year percentage increase in RBI’s Digital Payments Index (DPI) as of March 2025?,8.3%,9.1%,10.7%,11.5%,12.0%,10.7%
4,What is the minimum assessed net worth required for UCBs to expand beyond their state under ECBA norms?,Rs.25 crore,Rs.50 crore,Rs.40 crore,Rs.75 crore,Rs.80 crore,Rs.50 crore
5,What is the main objective of the ‘Gyan Bharatam Mission (GBM)’ announced by Prime Minister Narendra Modi?,Promoting Sanskrit education in schools,Establishing new central universities,Digitising and conserving ancient Indian manuscripts,Training scholars in Vedic literature,Creating AI tools for cultural heritage,Digitising and conserving ancient Indian manuscripts
6,Which Indian cricketer became the first captain to score four centuries in his debut Test series during the 2025 series against England?,Rohit Sharma,KL Rahul,Rishabh Pant,Shubman Gill,Hardik Pandya,Shubman Gill
7,Who has been appointed as the first Indian-origin CEO of Procter & Gamble (P&G)?,Shailesh Jejurikar,Raj Subramaniam,Sundar Pichai,Arvind Krishna,Satya Nadella,Shailesh Jejurikar
8,Where is the Ministry of Defence establishing a state-of-the-art testing facility under the Defence Testing Infrastructure Scheme (DTIS)?,Coimbatore,Hyderabad,Pune,Bengaluru,Tiruchirappalli,Tiruchirappalli
9,Who won the 70th edition of the Belgian Grand Prix held at Circuit de Spa- Francorchamps in 2025?,Max Verstappen,Lewis Hamilton,Charles Leclerc,Lando Norris,Oscar Piastri,Oscar Piastri
10,Under which scheme is the Indian government installing 25 crore smart meters across the country?,SAUBHAGYA,UDAY,RDSS,IPDS,PM Kusum,RDSS
11,"How many medals did India win at the FISU World University Games 2025 held in Rhine-Ruhr, Germany?",8 medals,10 medals,12 medals,15 medals,26 medals,12 medals
12,What is the title of Kiran Desai’s new novel that made it to the Booker Prize 2025 longlist?,The Inheritance of Loss,The Story of Sonia and Sunny,The Loneliness of Sonia and Sunny,Indians in America,Echoes of Silence,The Loneliness of Sonia and Sunny
13,Where were the Global Tiger Day 2025 celebrations held and what major initiatives were announced by the Environment Minister?,Jim Corbett National Park,Sundarbans Tiger Reserve,Kanha National Park,"National Zoological Park, Delhi",Ranthambore Tiger Reserve,"National Zoological Park, Delhi"
14,"What is the purpose of the COP-33 Cell established by the Ministry of Environment, Forest and Climate Change (MoEFCC)?",Managing biodiversity data,Overseeing India’s forest certification,Preparing for the COP-33 UN Climate Conference,Coordinating with international wildlife bodies,Monitoring air quality across metros,Preparing for the COP-33 UN Climate Conference
15,Which tribal community performs the 40-day dance-drama festival called Gavri in southern Rajasthan?,Meena,Sahariya,Garasia,Bhil,Damor,Bhil
16,"What is the name of the first AI language model being developed specifically for Latin America, and who is leading the initiative?",Andes-AI,Latam-GPT,HispanoAI,PanLat-AI,CENIA-AI,Latam-GPT
17,What new educational modules is NCERT introducing in school curricula?,Digital coding and robotics,Global literature and arts,Ancient civilizations of Asia,Space mission & Operation Sindoor,Financial literacy and banking basics,Space mission & Operation Sindoor
18,Which Indian tiger reserve now has the third-highest density of tigers globally as per 2024 data?,Bandipur Tiger Reserve,Jim Corbett Tiger Reserve,Kaziranga Tiger Reserve,Nagarhole Tiger Reserve,None of these,Kaziranga Tiger Reserve
19,What was the codename of the joint anti-terror operation launched in Jammu and Kashmir that eliminated the mastermind of the Pahalgam attack?,Operation Rakshak,Operation Kargil,Operation Snow Leopard,Operation Trinetra,Operation Mahadev,Operation Mahadev
20,What is the objective of the SPARSH Pension System launched by the Ministry of Defence?,Managing pensions for state government employees,Automating salaries for paramilitary forces,Disbursing pensions for defence personnel,Providing insurance cover to armed forces,Funding veterans’ welfare programs,Disbursing pensions for defence personnel
21,"What is the role of the National Crisis Management Committee (NCMC) as per the amended Disaster Management Act, 2025?",Conducting financial audits of disaster relief funds,Overseeing drought relief in rural areas,Coordinating national disaster response efforts,Managing rural employment schemes,Supervising health policies during pandemics,Coordinating national disaster response efforts
22,"As per Finance Ministry data (June 2025), which bank holds the highest amount of unclaimed deposits in India?",Punjab National Bank,ICICI Bank,State Bank of India,Bank of Baroda,HDFC Bank,State Bank of India
23,"According to SEBI's new mechanism, what is the minimum investment threshold for Specialized Investment Funds (SIF)?",Rs.5 lakh,Rs.7 lakh,Rs.10 lakh,Rs.15 lakh,Rs.20 lakh,Rs.10 lakh
24,Which global financial institutions did LIC sign USD 1 billion worth of Forward Rate Agreements (FRAs) with in 2025?,Goldman Sachs and HSBC,Citi Bank and UBS,JPMorgan Chase & Bank of America,Barclays and Credit Suisse,Deutsche Bank and Wells Fargo,JPMorgan Chase & Bank of America
25,How many crore digital payment transactions did India log between FY19 and FY25?,"45,000","55,000","60,000","65,000","75,000","65,000"
26,"Who delivered the keynote address at the 20th edition of the ""Re-imagining Governance: Discourse for Excellence (RGDE)"" series hosted by PDUNASS under EPFO?",Naseeruddin Shah,Adil Hussain,Rajkummar Rao,Anupam Kher,Pankaj Tripathi,Adil Hussain
27,How many smart classrooms have been approved under the Samagra Shiksha Scheme across India?,"96,000","1,25,040","1,46,040","1,38,500","1,56,000","1,46,040"
28,What is the name of the scheme launched by the Ministry of Culture to promote scientific temper and awareness through the establishment of Science Centres in India?,Vigyan Bharat Abhiyan,Science for Society Scheme,Scheme for Advancement of Science & Technology,Scheme for Promotion of Culture of Science (SPoCS),National Scientific Awareness Mission,Scheme for Promotion of Culture of Science (SPoCS)
29,"What is the total amount of the 20th installment of the PM-Kisan scheme to be released by PM Modi on August 2, 2025?","Rs.15,000 crore","Rs.18,500 crore","Rs.20,500 crore","Rs.25,000 crore","Rs.22,000 crore","Rs.20,500 crore"
30,"When was the Indian Hockey Federation (IHF), the national body for hockey, officially formed?","January 26, 1930","November 7, 1925","August 15, 1947","October 2, 1924","December 18, 1926","November 7, 1925"
31,Which two initiatives were presented in the 29th National Good Governance Webinar under the theme ‘Innovation – State’ as winners of the PM’s Award for Excellence in Public Administration 2024?,e-Sanjeevani and KAVACH,"UK-GAMS and Shiksha Setu, Axom",Jal Shakti Abhiyan and Digital Gram,Mission Buniyaad and Pragati Path,Poshan Tracker and e-Vidya,"UK-GAMS and Shiksha Setu, Axom"
32,India recently signed a Maritime Security and Safety Cooperation agreement with which country during the 13th JDCC meeting?,Saudi Arabia,Oman,United Arab Emirates,Qatar,Bahrain,United Arab Emirates
33,Which organization signed an MoU with Ather Energy to boost startups under the Build in Bharat initiative?,DPIIT,Ministry of Power,Ministry of Road Transport,NITI Aayog,Invest India,DPIIT
34,Which team won the 14th UEFA European Women’s Championship (Women’s Euro Cup) in 2025 by defeating the defending World Champions Spain?,Germany,France,Netherlands,Sweden,England,England
35,"In which district of Bihar is the newly constructed “Buddha Samyak Darshan Museum and Memorial Stupa” located, which is being inaugurated by CM Nitish Kumar?",Nalanda,Gaya,Patna,Vaishali,Rajgir,Vaishali
36,"As of 29 July 2025, which Indian Chief Minister holds the record for the longest continuous tenure in office in Uttar Pradesh?",Mulayam Singh Yadav,Mayawati,Govind Ballabh Pant,Yogi Adityanath,Akhilesh Yadav,Yogi Adityanath
37,"As per the article, what penalty has the US added on top of the 25% tariffs imposed on Indian goods?",Penalty for exporting to Europe,Penalty for buying Chinese goods,Penalty for oil import from Iran,Penalty for buying arms and oil from Russia,Penalty for trade with ASEAN nations,Penalty for buying arms and oil from Russia
38,What are BHISHM cubes recently gifted by India to the Maldives on its 60th Independence Day?,Indigenous mobile hospital units,Mobile library units,Disaster relief drones,Renewable energy kits,Smart classroom kits,Indigenous mobile hospital units
39,"Which Indian state became the first to launch a statewide, evidence-based anti-drug curriculum in government schools starting August 1, 2025?",Delhi,Maharashtra,Punjab,Kerala,Gujarat,Punjab
40,Who launched the Sanchar Saathi mobile app in multiple Indian languages to combat telecom frauds?,Ashwini Vaishnaw,Nirmala Sitharaman,Jyotiraditya Scindia,Rajeev Chandrasekhar,Amit Shah,Jyotiraditya Scindia
41,"What is the name of India’s first quasi-ballistic missile, successfully tested by DRDO from Dr APJ Abdul Kalam Island in Odisha?",Agni Prime,Shaurya,Pralay,Sagarika,Prahaar,Pralay
42,Which country has announced a ban on YouTube accounts for children under 16 starting from December 2025?,Canada,United States,Germany,United Kingdom,Australia,Australia
43,Which Indian state has declared August 7 as “Sustainable Agriculture Day” to honor the legacy of Dr. M.S. Swaminathan?,Maharashtra,Punjab,Tamil Nadu,Karnataka,Haryana,Maharashtra
44,What is the main objective of the “Saksham Niveshak” campaign launched by IEPFA in July 2025?,Promoting investment in mutual funds,Attracting foreign portfolio investors,Creating awareness about unclaimed dividends and assisting shareholders in reclaiming them,Promoting digital currency among investors,Funding start-ups through equity investments,Creating awareness about unclaimed dividends and assisting shareholders in reclaiming them
45,What was the weighted average lending rate (WALR) on fresh rupee loans of scheduled commercial banks (SCBs) in June 2025?,9.20%,8.62%,9.48%,8.75%,7.99%,8.62%
46,"As per RBI's revised guidelines effective from January 1, 2026, what is the maximum total investment limit that all regulated entities (REs) can contribute to a single AIF scheme?",5%,10%,15%,20%,25%,20%
47,What is the name of the baby star around which astronomers observed the formation of a new solar system for the first time?,Orion-X,Proxima-C,HOPS-315,Vega-2,Sirius-B,HOPS-315
48,"What is the primary objective of the Bills of Lading Bill, 2025 passed by the Indian Parliament?",Increase customs duties on shipping goods,Introduce subsidies for Indian shipping companies,"Replace the colonial-era Indian Lading Act, 1856 with a simplified legal framework",Establish a new ministry for maritime affairs,Mandate only digital bills of lading,"Replace the colonial-era Indian Lading Act, 1856 with a simplified legal framework"
49,Who has been appointed as the new Director General (DG) of Sashastra Seema Bal (SSB)?,Sanjay Singhal,Rajiv Singh,Amrit Mohan Prasad,V. S. Yadav,Kuldiep Singh,Sanjay Singhal
50,How much total grant-in-aid has the Union Cabinet approved for the National Cooperative Development Corporation (NCDC) under the new Central Sector Scheme for 2025–29?,"Rs.1,000 crore","Rs.1,500 crore","Rs.2,000 crore","Rs.2,500 crore","Rs.5,000 crore","Rs.2,000 crore"
51,"Where is the Bahmani (Gulbarga) Fort, known for housing the world’s longest cannon, located?",Maharashtra,Telangana,Andhra Pradesh,Karnataka,Madhya Pradesh,Karnataka
52,When did the Ministry of Skill Development and Entrepreneurship observe the Swachhata Pakhwada campaign in 2025?,1st July to 15th July 2025,16th July to 31st July 2025,1st August to 15th August 2025,5th June to 20th June 2025,10th July to 25th July 2025,16th July to 31st July 2025
53,Where will the IUCN World Conservation Congress 2025 be hosted?,"Geneva, Switzerland","Nairobi, Kenya","Paris, France","Abu Dhabi, UAE","Tokyo, Japan","Abu Dhabi, UAE"
54,What is the name of the counter-infiltration mission conducted by the Indian Army in Poonch to eliminate terrorists trying to cross the LoC?,Operation SuryaShakti,Operation Mahadev,Operation Sarvashakti,Operation Trinetra,Operation ShivShakti,Operation ShivShakti
55,Which two Indian texts were recently inscribed in the UNESCO Memory of the World International Register?,Vedas and Manusmriti,Upanishads and Arthashastra,Bhagavad Gita and Natyashastra,Ramayana and Mahabharata,Charaka Samhita and Yoga Sutras,Bhagavad Gita and Natyashastra
56,What is the name of the sixth Adamya-class Fast Patrol Vessel (FPV) launched by Goa Shipyard Limited for the Indian Coast Guard?,ICGS Akshar,ICGS Amulya,ICGS Achal,ICGS Atal,ICGS Akshay,ICGS Atal
57,On which railway section was the indigenously developed Kavach 4.0 first commissioned in India?,Mumbai–Pune section,Delhi–Ambala section,Howrah–Kharagpur section,Mathura–Kota section,Secunderabad–Hyderabad section,Mathura–Kota section
58,Who set a new world record by performing Bharatanatyam continuously for 170 hours in July 2025?,Sudhir Jagpath,Remona Evette Pereira,Sri Vidya,Meenakshi Iyer,Rukmini Devi Arundale,Remona Evette Pereira
59,Which Indian state received the Centre's nod for the country’s first AI-based road safety pilot project?,Maharashtra,Gujarat,Karnataka,Uttar Pradesh,Tamil Nadu,Uttar Pradesh
60,"Who is the author of the book ""The Man Who Became Cinema"", which deconstructs Dilip Kumar’s acting method?",Yasir Usman,Ashok Chopra,Anupama Chopra,Bhawana Somaaya,Rauf Ahmed,Ashok Chopra
61,"According to the SOFI 2025 report, what was the estimated percentage of global hunger in 2024?",7.0%,8.2%,9.5%,10.1%,11.3%,8.2%
62,"According to the new trade deal, what flat tariff rate will the US impose on most goods exported from the European Union?",10%,12%,15%,20%,25%,15%
63,What is the primary aim of the Setubandha Scholar Scheme launched by the Ministry of Education?,Promote foreign language education,Integrate traditional scholars into IIT research ecosystem,Offer scholarships to engineering toppers,Support startups in Sanskrit learning,Fund international conferences in humanities,Integrate traditional scholars into IIT research ecosystem
64,"As per the recent announcement by Bihar CM Nitish Kumar, what is the revised incentive amount for ASHA workers?","Rs.1,000","Rs.1,500","Rs.2,000","Rs.3,000","Rs.3,500","Rs.3,000"
65,Which eminent Indian-born economist and UK House of Lords member passed away at the age of 85 in 2025?,Amartya Sen,Meghnad Desai,Raghuram Rajan,Kaushik Basu,Jagdish Bhagwati,Meghnad Desai
66,What new customer authentication method has India Post Payments Bank (IPPB) introduced for secure transactions?,Voice recognition authentication,Iris scan authentication,Face authentication using Aadhaar,Smart card authentication,Palm vein recognition,Face authentication using Aadhaar
67,"The Banking Laws (Amendment) Act, 2025, which introduces key reforms across five major banking legislations, came into effect from which date?",1st July 2025,1st August 2025,15th August 2025,1st September 2025,30th June 2025,1st August 2025
68,"What is a new filter introduced under the revised Enhanced Surveillance Mechanism (ESM) framework for companies with market capitalisation under Rs.1,000 crore?",Debt-to-equity ratio filter,Promoter holding filter,Price-to-earnings ratio filter,Volume-to-market-cap ratio filter,Dividend payout ratio filter,Price-to-earnings ratio filter
69,Who has been appointed as the new Vice-Chief of the Army Staff of India?,Lt. Gen. N.S. Raja Subramani,Lt. Gen. Anil Chauhan,Lt. Gen. Pushpendra Singh,Lt. Gen. R.P. Kalita,Lt. Gen. Manoj Pande,Lt. Gen. Pushpendra Singh
70,Which shipyard delivered the stealth frigate Himgiri (Yard-3022) to the Indian Navy under Project 17A?,Mazagon Dock Shipbuilders Limited,Hindustan Shipyard Limited,Cochin Shipyard Limited,Garden Reach Shipbuilders & Engineers,Goa Shipyard Limited,Garden Reach Shipbuilders & Engineers
71,Which Indian state made it mandatory to register borewells and imposed charges on groundwater extraction starting July 2025?,Maharashtra,Karnataka,Tamil Nadu,Gujarat,Andhra Pradesh,Karnataka
72,What is the total estimated cost of the recently approved railway multi- tracking projects across 6 states?,"Rs.10,500 crore","Rs.11,169 crore","Rs.12,000 crore","Rs.9,574 crore","Rs.13,829 crore","Rs.11,169 crore"
73,The recently signed GENIUS Act in the US provides a federal framework for which of the following digital financial instruments?,Central Bank Digital Currencies,Crypto ETFs,Stablecoins,NFTs,Digital Bonds,Stablecoins
74,"What is the total approved outlay for the Pradhan Mantri Kisan SAMPADA Yojana (PMKSY) during the 15th Finance Commission Cycle (FCC), as per the recent Union Cabinet decision?",Rs.4520 crores,Rs.5620 crores,Rs.6520 crores,Rs.7200 crores,Rs.8120 crores,Rs.6520 crores
75,Who has been appointed as the new Managing Director of IFFCO after US Awasthi’s term ended?,Ramesh Chand,KJ Patel,Suresh Narayanan,Rajeev Sinha,Anil Kumar,KJ Patel
76,What is the name of the first scientifically authenticated monofloral lavender honey developed in India?,Aroma Gold,Pulwama Nectar,Lavender Delight,Lavender Honey,Himalayan Bloom,Lavender Honey
77,What is the primary objective of the 'Benevolence Fund' established by the All India Football Federation (AIFF)?,To sponsor international football events,To provide medical and financial assistance to retired football community members,To reward best performing teams annually,To fund AIFF infrastructure projects,To train new referees and coaches,To provide medical and financial assistance to retired football community members
78,Where was India’s first-ever Grassland Bird Census conducted between March and May 2025?,Jim Corbett National Park,Keoladeo National Park,Kaziranga National Park,Gir National Park,Bharatpur Bird Sanctuary,Kaziranga National Park
79,"Who is the author of the upcoming biography ""M S Swaminathan: The Man Who Fed India""?",Harper Lee,Priyambada Jayakumar,Shashi Tharoor,Gurcharan Das,Ramachandra Guha,Priyambada Jayakumar
80,What is the primary objective of the recently adopted New York Declaration by the United Nations?,Establishing global climate action targets,Creating a demilitarised Palestinian state alongside Israel,Promoting international trade regulations,Declaring Gaza as a UN-administered territory,Imposing sanctions on countries violating human rights,Creating a demilitarised Palestinian state alongside Israel
81,Which of the following universities was recently issued a Letter of Intent (LoI) to set up a campus in India as per the Union Education Ministry's announcement at ABSS 2025?,Harvard University,University of Southampton,Yale University,Stanford University,Western Sydney University,Western Sydney University
82,"T. N. Manoharan, who recently passed away, was associated with which of the following institutions as Chairman at the time of his demise?",Reserve Bank of India,Canara Bank,ICICI Bank,Lakshmi Vilas Bank,IDBI Bank,IDBI Bank
83,"Pramila Medhe, who recently passed away, was associated with which of the following organisations as its Chief?",Bharatiya Janata Party,Rashtriya Swayamsevak Sangh,Vishwa Hindu Parishad,Akhil Bharatiya Vidyarthi Parishad,Rashtra Sevika Samiti,Rashtra Sevika Samiti
84,What is the new extended implementation date for Phase-III of SEBI’s new nomination framework in the securities market?,"September 1, 2025","October 31, 2025","November 30, 2025","December 15, 2025","January 1, 2026","December 15, 2025"
85,What was the total GST collection reported for July 2025?,Rs.1.83-lakh crore,Rs.1.89-lakh crore,Rs.1.96-lakh crore,Rs.2.01-lakh crore,Rs.1.76-lakh crore,Rs.1.96-lakh crore
86,"As per DIPAM, what is the total percentage of stake that the Government and LIC will divest in IDBI Bank?",49.24%,45.48%,94.72%,60.72%,30.24%,60.72%
87,What is the concessional government guarantee fee notified by the Finance Ministry for NaBFID’s borrowings from multilateral and foreign institutions?,0.05%,0.1%,0.5%,1%,2%,0.1%
88,What was the total number of UPI transactions recorded in July 2025?,18.40 billion,25.08 billion,19.47 billion,20.20 billion,22.35 billion,19.47 billion
89,"According to S&P Global, India’s Manufacturing PMI in July 2025 reached a 16-month high of how much?",55.3,57.2,58.4,59.1,60.5,59.1
90,"As per Union Minister Rajiv Ranjan Singh, what is India’s rank in global fish production?",First,Second,Third,Fourth,Fifth,Second
91,Who has been appointed as the 13th Prime Minister of Myanmar in the newly formed government?,Win Myint,Aung San Suu Kyi,Than Shwe,Htin Kyaw,U Nyo Saw,U Nyo Saw
92,Who won the Best Actor award in a leading role at the 71st National Film Awards?,Salman Khan & Ranbir Kapoor,Shah Rukh Khan & Ranveer Singh,Shah Rukh Khan & Vikrant Massey,Vikrant Massey & Ayushmann Khurrana,Ranbir Kapoor & Vikrant Massey,Shah Rukh Khan & Vikrant Massey
93,Who was conferred with the 43rd Lokmanya Tilak National Award in 2025?,Sudha Murty,Narendra Modi,Nitin Gadkari,Sharad Pawar,Dr. K. Kasturirangan,Nitin Gadkari
94,What is the name of the first joint Earth observation mission launched by ISRO and NASA?,RISAT-2BR1,Cartosat-3,NISAR,Oceansat-3,SARal,NISAR
95,What is the initial funding amount allocated by the Tamil Nadu government for the new semiconductor facility in collaboration with IIT Madras?,Rs.500 crore,Rs.250 crore,Rs.100 crore,Rs.150 crore,Rs.75 crore,Rs.100 crore
96,What is the name of the green legacy initiative launched under the ‘Ek Ped Maa Ke Naam’ programme in the Aravalli Hills?,Matri Van,Green India Mission,Van Vikas Abhiyan,Harit Aravalli Yojana,Aravalli Eco Park,Matri Van
97,Which country has adopted Assam’s ‘Hargila Army’ conservation model to protect storks?,Nepal,Bhutan,Myanmar,Cambodia,Vietnam,Cambodia
98,Where will the NFDC’s fully residential 3D Animation and VFX training program for North East India candidates be conducted?,"Guwahati, Assam","Shillong, Meghalaya","Aizawl, Mizoram","Ghaziabad, Uttar Pradesh","Imphal, Manipur","Ghaziabad, Uttar Pradesh"
99,Where was India’s first indigenously-built 1 MW green hydrogen power plant inaugurated?,"Paradip Port, Odisha","Visakhapatnam Port, Andhra Pradesh","Mumbai Port, Maharashtra","Deendayal Port, Gujarat","Cochin Port, Kerala","Deendayal Port, Gujarat"
100,Where is Google setting up its first and Asia’s largest data centre in India?,Bengaluru,Mumbai,Visakhapatnam,Hyderabad,Chennai,Visakhapatnam
101,FSSAI’s definitive list of Ayurveda Aahara is based on which regulation?,"Food Safety and Standards (Ayurveda Aahara) Regulations, 2019","Food Safety and Standards (Ayurveda Aahara) Regulations, 2020","Food Safety and Standards (Ayurveda Aahara) Regulations, 2021","Food Safety and Standards (Ayurveda Aahara) Regulations, 2022","Food Safety and Standards (Ayurveda Aahara) Regulations, 2023","Food Safety and Standards (Ayurveda Aahara) Regulations, 2022"
102,"Who has been appointed as the General Officer Commanding (GOC) of Dakshin Bharat Area, Indian Army, from August 1, 2025?",Lt. Gen. V. Sreehari,Lt. Gen. N.S. Raja Subramani,Lt. Gen. Pushpendra Singh,Lt. Gen. M. Shankar,Lt. Gen. K.R. Mehta,Lt. Gen. V. Sreehari
103,What date has been declared as ‘Safai Andolan Day’ for the Indus River under the Mission Indus Clean-up by Ladakh?,August 5,August 10,August 12,August 15,August 20,August 12
104,Which country will host the 8th Commonwealth Youth Games (CYG) in 2027?,India,Australia,Canada,Malta,England,Malta
105,Which two-time Olympic biathlon champion of Germany died in a mountaineering accident at Laila Peak in Pakistan?,Magdalena Neuner,Laura Dahlmeier,Kati Wilhelm,Denise Herrmann,Uschi Disl,Laura Dahlmeier
106,"Nippon India Mutual Fund opened its first-ever mutual fund office in which high-altitude region, located 11,500 feet above sea level?",Shimla,Manali,Leh,Mussoorie,Nainital,Leh
107,What is the main objective of the 30-member Regulatory Review Cell set up by the RBI in August 2025?,Launching new banking products,Implementing monetary policy changes,Eliminating outdated and irrelevant regulations,Promoting digital currency adoption,Enhancing RBI’s overseas presence,Eliminating outdated and irrelevant regulations
108,"Until which year has the PM E-DRIVE scheme been extended, and will there be any additional budget for it?","Till 2026, Yes","Till 2027, No","Till 2028, No","Till 2029, Yes","Till 2028, Yes","Till 2028, No"
109,Which brand name has been chosen by eight co-operative institutions for launching a new taxi service to compete with Ola and Uber?,Sahkaar Cabs,Bharat Taxi,Swadeshi Ride,Co-op Cabs,Desh Yatra,Bharat Taxi
110,"As of July 23, 2025, what is the total amount of deposits under the Pradhan Mantri Jan Dhan Yojana (PMJDY)?",Rs.2.58 lakh crore,Rs.2.60 lakh crore,Rs.2.62 lakh crore,Rs.2.63 lakh crore,Rs.2.64 lakh crore,Rs.2.62 lakh crore
111,"According to NPCI's new circular effective from August 1, 2025, how many times per day can a UPI user check their bank balance per app?",25 times,30 times,50 times,75 times,Unlimited,50 times
112,What was the title of the 1st BIMSTEC Traditional Music Festival held in New Delhi?,"One Asia, One Song",Harmony of Nations,"SaptaSur: Seven Nations, One Melody",Sound of Unity,Melodies of the East,"SaptaSur: Seven Nations, One Melody"
113,Which company has partnered with Numaligarh Refinery Ltd to deploy India’s first 5G captive private network in the refinery sector?,Jio,Airtel,BSNL,MTNL,Vi,BSNL
114,Who assumed charge as the Controller Personnel Services (CPS) of the Indian Navy on 31 July 2025?,Vice Admiral Dinesh Kumar Tripathi,Vice Admiral Sanjay Jasjit Singh,Vice Admiral C R Praveen Nair,Vice Admiral Ajendra Bahadur Singh,Vice Admiral R. Hari Kumar,Vice Admiral C R Praveen Nair
115,Which state government has announced insurance coverage for Govindas participating in the Dahi Handi festival during Gokulashtami?,Uttar Pradesh,Gujarat,Maharashtra,Madhya Pradesh,Rajasthan,Maharashtra
116,"Who won the first-ever Chess Esports World Cup held in Riyadh, Saudi Arabia?",Magnus Carlsen,Hikaru Nakamura,Alireza Firouzja,Arjun Erigaisi,Ian Nepomniachtchi,Magnus Carlsen
117,Who became the first player in World Test Championship (WTC) history to score over 6000 runs?,Steve Smith,Marnus Labuschagne,Joe Root,Virat Kohli,Ben Stokes,Joe Root
118,Where was the last of the 16 Airbus C-295 aircraft received by Indian officials in 2025?,"Madrid, Spain","Toulouse, France","Hyderabad, India","Seville, Spain","Bengaluru, India","Seville, Spain"
119,Which Indian state became the first to introduce a Sabbatical Leave scheme for government employees?,Kerala,Himachal Pradesh,Uttarakhand,Sikkim,Goa,Sikkim
120,"What is the name of the mascot unveiled for the Asia Rugby Under-20 (Sevens) Championship 2024 to be held in Rajgir, Bihar?",Ashoka,Cheetah,Veer,Sheru,Agile,Ashoka
121,"The heritage train service on the Patalpani–Kalakund line, recently resumed by Western Railway, was originally envisioned by which historical ruler?",Maharaja Ranjit Singh,Maharaja Tukoji Rao Holkar II,Maharaja Sayajirao Gaekwad,Maharaja Shivaji Rao Scindia,Lord Curzon,Maharaja Tukoji Rao Holkar II
122,"Who has been appointed as the new Director of Vikram Sarabhai Space Centre (VSSC), Thiruvananthapuram?",S. Somanath,Dr. A. Rajarajan,S. Unnikrishnan Nair,K. Sivan,Ritu Karidhal,Dr. A. Rajarajan
123,What is the name of India’s first Specialised Investment Fund (SIF) approved by SEBI in 2025?,QSIF Equity Long-Short Fund,Quant Alpha Advantage Fund,QAMC Alternative Growth Fund,Quant Startups Select Fund,SEBI-SIF Opportunity Fund,QSIF Equity Long-Short Fund
124,Who has been appointed as the brand ambassador for Australia's $130 million tourism campaign in 2025?,Anushka Sharma,Sara Tendulkar,Deepika Padukone,Rishabh Pant,Virat Kohli,Sara Tendulkar
125,Who has been appointed as the head coach of the Indian men’s national football team in 2025?,Igor Stimac,Savio Medeira,Manolo Marquez,Khalid Jamil,Stephen Constantine,Khalid Jamil
126,"Abdulla Aboobacker, who recently won the men’s triple jump title at the Qosanov Memorial 2025, hails from which Indian state?",Tamil Nadu,Kerala,Karnataka,Andhra Pradesh,Haryana,Kerala
127,What is the name of the Russian intermediate-range hypersonic ballistic missile capable of reaching speeds of Mach 10 and expected to be deployed in Belarus by the end of 2025?,Avangard,Zircon,Oreshnik,Kinzhal,Iskander-M,Oreshnik
128,What is the name of the analogue station developed by Protoplanet and ISRO to simulate Moon and Mars conditions in Ladakh?,ARES,VIKRAM,HOPE,ASTRA,SURAJ,HOPE
129,"The 8th edition of which flagship initiative, led by PM Narendra Modi, received the Guinness World Record for the “Most people registered on a Citizen Engagement Platform in one month” in 2025?",Mann Ki Baat,Pariksha Pe Charcha,Fit India Movement,Ek Bharat Shreshtha Bharat,Swachh Bharat Mission,Pariksha Pe Charcha
130,"On which river is the proposed 2,185 MW Sawalkote Hydropower Project planned?",Jhelum River,Chenab River,Beas River,Sutlej River,Ravi River,Chenab River
131,"In August 2025, India conducted a joint naval sail and exercise with which country in the South China Sea?",Vietnam,Indonesia,Philippines,Malaysia,Brunei,Philippines
132,What is the objective of the Darwin Tree of Life (DToL) project?,To decode the human genome,To map extinct species,"To sequence the genomes of 70,000 eukaryotic species in Britain and Ireland",To develop genetically modified crops,To track species migration using satellites,"To sequence the genomes of 70,000 eukaryotic species in Britain and Ireland"
133,Which organisation signed two MoUs to promote conservation and awareness of medicinal plants in 2025?,Ministry of Health and Family Welfare,Central Council for Research in Ayurvedic Sciences,National Medicinal Plants Board (NMPB),Indian Council of Medical Research,"Ministry of Environment, Forest and Climate Change",National Medicinal Plants Board (NMPB)
134,Under which initiative has the Union Government approved the establishment of PM Ekta Malls in 27 states?,Digital India,Make in India,Smart Cities Mission,"One District, One Product (ODOP)",Start-up India,"One District, One Product (ODOP)"
135,Which state received the National Organ and Tissue Transplant Organisation (NOTTO) award for having the maximum organ donations in India in 2024?,Tamil Nadu,Telangana,Maharashtra,Kerala,Gujarat,Telangana
136,Where has India’s first-ever FIFA Talent Academy for girls been launched in 2025?,New Delhi,Bengaluru,Mumbai,Hyderabad,Chennai,Hyderabad
137,"As of June 30, 2025, how many districts across India are covered under the Pradhan Mantri National Dialysis Programme (PMNDP)?",751,600,500,800,900,751
138,What is the annual scholarship amount provided under the National Means- cum-Merit Scholarship Scheme (NMMSS)?,"Rs.6,000","Rs.10,000","Rs.12,000","Rs.15,000","Rs.18,000","Rs.12,000"
139,"Which species was mistakenly targeted instead of the Alpine musk deer in India’s conservation breeding programme, as per a Central Zoo Authority report?",Red Musk Deer,Himalayan Musk Deer,Kashmir Stag,Chiru,Barking Deer,Himalayan Musk Deer
140,"Which veteran politician, founder of the Jharkhand Mukti Morcha (JMM), and ormer Jharkhand Chief Minister passed away in 2025?",Hemant Soren,Raghubar Das,Babulal Marandi,Shibu Soren,Arjun Munda,Shibu Soren
141,What is the repo rate decided in the 56th meeting of the Monetary Policy Committee (MPC) held in August 2025?,5.25%,5.50%,5.75%,6.00%,6.25%,5.50%
142,PhonePe’s Indus Appstore recently partnered with which French consumer technology brand to pre-install its marketplace on all smartphones in India?,Lava,Xiaomi,Alcatel,Realme,TCL,Alcatel
143,Which department has developed the Financial Fraud Risk Indicator (FRI) to assess the risk level of mobile numbers in financial fraud?,Reserve Bank of India (RBI),Ministry of Finance,Department of Telecommunications (DoT),Ministry of Home Affairs,National Payments Corporation of India (NPCI),Department of Telecommunications (DoT)
144,Under which initiative has the Pension Fund Regulatory and Development Authority (PFRDA) launched its new upgraded website?,Digital Bharat Mission,PFRDA CONNECT,NPS Digital Drive,Pension Portal 2.0,FinTech Integration Plan,PFRDA CONNECT
145,IRDAI imposed a penalty of how many crore rupees on Policybazaar for violation of various norms?,Rs.2 crore,Rs.3 crore,Rs.5 crore,Rs.7 crore,Rs.10 crore,Rs.5 crore
146,"Who has been appointed as the MD & CEO of IndusInd Bank for a three-year term until August 24, 2028?",Sumant Khatpalia,Sunil Mehta,Rajiv Anand,Aditya Puri,Chanda Kochhar,Rajiv Anand
147,"What is the proposed new base year for GDP, IIP, and CPI in India?",GDP & IIP – 2021-22; CPI – 2023,GDP & IIP – 2022-23; CPI – 2024,GDP & IIP – 2020-21; CPI – 2023,GDP & IIP – 2022-23; CPI – 2023,GDP & IIP – 2023-24; CPI – 2024,GDP & IIP – 2022-23; CPI – 2024
148,In which state was India’s first AI-powered Anganwadi centre inaugurated under the Mission Bal Bharari initiative?,Maharashtra,Karnataka,Gujarat,Madhya Pradesh,Rajasthan,Maharashtra
149,Which company has been awarded the ₹792 crore PAN 2.0 project by the Income Tax Department?,Infosys,Wipro,LTIMindtree,Tech Mahindra,TCS,LTIMindtree
150,Who has been appointed as the Chairperson of the Capacity Building Commission (CBC) for a three-year term?,Adil Zainulbhai,S Radha Chauhan,Rajiv Gauba,Nripendra Misra,Alok Kumar,S Radha Chauhan
151,"Under the National Green Hydrogen Mission, what record low price was discovered in SECI’s first-ever auction for Green Ammonia procurement in 2025?",Rs.62.10/kg,Rs.58.00/kg,Rs.55.75/kg,Rs.59.25/kg,Rs.54.50/kg,Rs.55.75/kg
152,The critically endangered Asian giant tortoise was recently reintroduced into which reserve in Nagaland?,Puliebadze Wildlife Sanctuary,Zeliang Community Reserve,Fakim Wildlife Sanctuary,Ntangki National Park,Intanki Community Reserve,Zeliang Community Reserve
153,The Indian men’s and women’s table tennis teams recently qualified for the World Table Tennis Championships (WTTC) 2026 after winning which tournament?,Asian Table Tennis Championships,South Asia Regional Championships 2025,Commonwealth Table Tennis Championship,Central Asia Regional Championships,None of these,South Asia Regional Championships 2025
154,Where was the 15th Meeting of the Conference of the Parties (CoP) to the Ramsar Convention on Wetlands held?,"Wuhan, China","Gland, Switzerland","Victoria Falls National Park, Zimbabwe","New Delhi, India","Nairobi, Kenya","Victoria Falls National Park, Zimbabwe"
155,"Who has been appointed as the first Indian CEO of Jaguar Land Rover (JLR), effective November 2025?",PB Balaji,Ratan Tata,N Chandrasekaran,Adrian Mardell,Guenter Butschek,PB Balaji
156,"Which airport operator in India has raised Rs.9,000 crore through the issuance of unlisted Non-Convertible Debentures (NCDs) in 2025?",Delhi International Airport Limited,Bangalore International Airport Limited,Mumbai International Airport Limited,Hyderabad International Airport Limited,Cochin International Airport Limited,Bangalore International Airport Limited
157,Who released the NITI Aayog report “Unlocking a USD 200 Billion Opportunity: Electric Vehicles in India”?,Amitabh Kant,Rajiv Gauba,Arvind Panagariya,Bibek Debroy,Nirmala Sitharaman,Rajiv Gauba
158,Which Hyderabad-based spacetech start-up will launch its first commercial space mission LEAP-1 aboard SpaceX’s Falcon 9 in Q3 2025?,Skyroot Aerospace,Pixxel,Dhruva Space,Bellatrix Aerospace,Astrogate Labs,Dhruva Space
159,Which company has received approval from the Competition Commission of India (CCI) to acquire Jaiprakash Associates Limited in 2025?,Ultratech Cement,Shree Cement,ACC Limited,Ambuja Cements,Dalmia Cement (Bharat) Limited,Dalmia Cement (Bharat) Limited
160,"Which organisation, along with the Ministry of Ayush, organised the inaugural WHO–IRCH workshops on herbal medicines in Ghaziabad in 2025?",NITI Aayog,Pharmacopoeia Commission for Indian Medicine and Homoeopathy (PCIM&H),Central Council for Research in Ayurvedic Sciences (CCRAS),National Medicinal Plants Board (NMPB),Indian Council of Medical Research (ICMR),Pharmacopoeia Commission for Indian Medicine and Homoeopathy (PCIM&H)
161,Which state recorded the highest marine fisheries growth in India in 2024?,Gujarat,Kerala,Maharashtra,Tamil Nadu,Odisha,Maharashtra
162,In which state was the Annadata Sukhibhava–Pradhan Mantri Kisan Samman Nidhi (PM-KISAN) scheme formally launched by the Chief Minister in Veerayapalem?,Karnataka,Andhra Pradesh,Telangana,Tamil Nadu,Maharashtra,Andhra Pradesh
163,"As of March 31, 2025, how many Centres for Financial Literacy (CFLs) have been set up across India under the RBI’s initiative to promote financial literacy?","1,842","2,421","3,015","2,210",None of these,"2,421"
164,"Under RBI’s new guidelines effective from April 1, 2026, what is the maximum partial credit enhancement limit for bonds?",20%,25%,40%,50%,60%,50%
165,Gro Digital Platforms has signed an MoU with which bank to launch FASTag services for fleet owners and transporters in India?,HDFC Bank,ICICI Bank,IDFC FIRST Bank,Axis Bank,State Bank of India,IDFC FIRST Bank
166,Which bank has launched the ‘bob FxOne’ digital foreign exchange platform for corporate and MSME customers?,State Bank of India,Bank of Baroda,Punjab National Bank,Canara Bank,HDFC Bank,Bank of Baroda
167,Which Small Finance Bank recently received ‘in-principle’ approval from the Reserve Bank of India (RBI) to transition into a Universal Bank?,Equitas Small Finance Bank,Ujjivan Small Finance Bank,AU Small Finance Bank,Suryoday Small Finance Bank,None of these,AU Small Finance Bank
168,From when to when will public sector banks hold Re-KYC camps for Jan Dhan accounts in 2025?,1 June – 31 August 2025,1 July – 30 September 2025,15 July – 15 October 2025,1 August – 31 October 2025,None of these,1 July – 30 September 2025
169,Which bank has launched the ‘Lock FD’ feature to safeguard Fixed Deposits from digital frauds?,Axis Bank,ICICI Bank,HDFC Bank,IDFC FIRST Bank,State Bank of India,Axis Bank
170,Generali Group and the Central Bank of India recently unveiled a new brand identity for their life and general insurance joint venture. What is the new name?,Central Generali Insurance,Generali India Insurance,Central Life & General,Generali Central,None of these,Generali Central
171,RBI has cut the CPI inflation projection for FY26 to what level?,3.7%,3.5%,3.1%,2.9%,6.6%,3.1%
172,"As per the Ministry of Textiles, how many handloom products have been registered under the Geographical Indication (GI) of Goods Act, 1999 in India?",106,227,112,94,None of these,106
173,"SAP Labs India recently inaugurated its state-of-the-art Innovation Park at Devanahalli, Bengaluru. Once fully operational, how many professionals will it accommodate?","10,000","12,500","15,000","18,000",None of these,"15,000"
174,Defence Acquisition Council recently approved defence procurement proposals worth how much?,"Rs.45,000 crore","Rs.52,000 crore","Rs.67,000 crore","Rs.75,000 crore","Rs.80,000 crore","Rs.67,000 crore"
175,"As per the International Air Transport Association (IATA) World Air Transport Statistics (WATS) 2024 report, what was India’s rank among the world’s largest aviation markets in 2024?",3rd,4th,5th,6th,None of these,5th
176,What is the name of India’s first Artificial Intelligence (AI)-powered learning application launched by Union Education Minister Dharmendra Pradhan?,EduAI,Tutoz,LearnPro,SmartPrep,None of these,Tutoz
177,"India’s largest handloom-focused hackathon, held at IIT Delhi, was organized to coincide with which day?",National Textile Day,National Handloom Day,National Innovation Day,National Startup Day,None of these,National Handloom Day
178,The Government of India recently launched the 1st phase of development projects under the “India–United Nations Global Capacity Building Initiative” for how many partner countries?,7,9,10,12,None of these,9
179,Prime Minister Narendra Modi recently inaugurated “Kartavya Bhavan” in Delhi. Which of the following ministries will be housed in this new building?,Ministry of Home Affairs,Ministry of External Affairs,Ministry of Rural Development,All of the above,None of these,All of the above
180,"Satya Pal Malik, who recently passed away at the age of 79, served as the Governor of which state/UT during the abrogation of Article 370?",Jammu & Kashmir,Bihar,Goa,Meghalaya,None of these,Jammu & Kashmir
181,"Hiroshima Day, observed on 6 August each year, marks the anniversary of which historic event?",Signing of the Comprehensive Nuclear Test Ban Treaty,Atomic bombing of Hiroshima by the US during World War II,End of the Korean War,Founding of the United Nations,None of these,Atomic bombing of Hiroshima by the US during World War II
182,"As per RBI’s final co-lending norms, what is the minimum loan share an entity must retain in its books under a CLA?",5%,8%,10%,12%,15%,10%
183,"IDFC First Bank, in collaboration with SingX, has launched a new digital remittance platform for NRIs. What is the name of this platform?",RemitFIRST2India,RemitNow2India,IndiaMoneyExpress,CrossPay India,None of these,RemitFIRST2India
184,IFC has committed $150 million as anchor investment in which HDFC- promoted fund?,HDFC Affordable Housing Fund,HDFC Mid-Income Housing Fund,H-DREAM Fund,HDFC Green Growth Fund,HDFC Realty Growth Fund,H-DREAM Fund
185,"Ant Financial recently sold its entire stake in which Indian company for around Rs.3,981 crore?",PhonePe,Paytm,Razorpay,BharatPe,PolicyBazaar,Paytm
186,Aadhaar Face Authentication recorded an all-time high in July 2025 with how many transactions?,5.77 crore,19.36 crore,39.56 crore,1.22 crore,2.36 crore,19.36 crore
187,What was LIC’s standalone net profit in Q1 FY26?,"Rs.10,461 crore","Rs.10,987 crore","Rs.11,200 crore","Rs.9,987 crore","Rs.12,030 crore","Rs.10,987 crore"
188,Which insurance company launched the “Shubh Shakti” term plan for women?,LIC,HDFC Life,Tata AIA Life Insurance,SBI Life,Max Life Insurance,Tata AIA Life Insurance
189,"As per RBI’s proposal, what is the minimum threshold limit for settlement of deceased customer deposit claims in accounts without a nominee?",Rs.10 lakh,Rs.12 lakh,Rs.20 lakh,Rs.15 lakh,Rs.25 lakh,Rs.15 lakh
190,Who was recently awarded the M.S. Swaminathan Award for Food and Peace at the M.S. Swaminathan Centenary International Conference in Delhi? l,Dr. Arenare,Dr. Norman Borlaug,Dr. Rattan Lal,Dr. Florence Wambugu,None of these,Dr. Arenare
191,"Recently, a previously unknown blood group named CRIB was identified in Karnatak",In which district was it discovered? A. Mysuru,Bengaluru,Kolar,Tumakuru,None of these,Kolar
192,"Which Indian city ranked 26th in the Global AI City Index 2025 and emerged as India’s leading hub for AI research, development, and data centres?",Mumbai,Delhi,Bengaluru,Chennai,Kolkata,Bengaluru
193,Which states/UTs have topped the India Electric Mobility Index (IEMI) 2024 launched by NITI Aayog?,"Delhi, Maharashtra, Chandigarh","Karnataka, Tamil Nadu, Gujarat","Delhi, Gujarat, Kerala","Maharashtra, Tamil Nadu, Punjab",None of these,"Delhi, Maharashtra, Chandigarh"
194,"Since its inception, the Mann Ki Baat programme has earned a revenue of how much?",Rs.24.13 crore,Rs.34.13 crore,Rs.44.13 crore,Rs.54.13 crore,Rs.58.76 crore,Rs.34.13 crore
195,The Union Cabinet has approved the implementation of the MERITE Scheme in 275 technical institutions. What is the primary objective of this scheme?,To provide free education to all engineering students,"To improve quality, equity and governance in technical education",To promote foreign collaborations in higher education,To construct new engineering colleges across India,None of these,"To improve quality, equity and governance in technical education"
196,"Where is the 25th Shanghai Cooperation Organization (SCO) summit, scheduled for August 31–September 1, 2025, going to be held?",Beijing,Tianjin,Shanghai,Wuhan,None of these,Tianjin
197,What is the name of Zepto’s newly launched 10-minute medicine delivery service?,Zepto Meds,Zepto Pharmacy,Zepto Health,Zepto QuickCare,Zepto MedExpress,Zepto Pharmacy
198,"The Union Cabinet recently approved Rs.30,000 crore compensation to three Public Sector Oil Marketing Companies (OMCs) for under-recoveries on sale of domestic LPG. Which of the following companies are included?",Indian Oil Corporation Limited (IOCL),Bharat Petroleum Corporation Limited (BPCL),Hindustan Petroleum Corporation Limited (HPCL),All of the above,None of these,All of the above
199,The Archery Association of India (AAI) recently announced the launch of which first-of-its-kind tournament in India?L,National Recurve Championship,Archery League,World Archery Cup,Indian Archery Premier Series,None of these,Archery League
200,"Which of the following statements is/are correct about the RS-28 Sarmat intercontinental ballistic missile, also known as ‘Satan 2’?
1. It is the world’s heaviest ICBM.
2. It has a range of 18,000 km.
3. It can carry up to 16 independently targetable nuclear warheads.
4. It is a solid-fueled missile.","1, 2, and 3 only",1 and 4 only,2 and 3 only,"1, 2, 3, and 4",1 and 2 only,"1, 2, and 3 only"
201,What is the name of India’s first privately-developed orbital launch vehicle whose stage-1 booster was successfully static tested by Skyroot Aerospace?,PSLV-C57,Vikram-1,Gaganyaan,SSLV-D2,None of these,Vikram-1
202,"Which of the following statements is/are correct about the Cancer AI & Technology Challenge (CATCH) Grant Program?
1. It is launched by IndiaAI Independent Business Division (IBD) in collaboration with the National Cancer Grid (NCG).
2. It provides up to Rs.50 lakh per project for selected teams.
3. Only clinical institutions are eligible to apply.
4. Successful pilots may get an additional scale-up grant of up to Rs.1 crore.","1, 2, and 4 only",1 and 3 only,2 and 3 only,"1, 2, 3, and 4",1 and 2 only,"1, 2, and 4 only"
203,"Mir Mohammed Ali, a 2011-batch IAS officer of the Kerala cadre, has been appointed as Director in which ministry?",Ministry of Power,Ministry of Petroleum & Natural Gas,Ministry of Electronics & IT,Ministry of New & Renewable Energy,None of these,Ministry of New & Renewable Energy
204,National Javelin Day is celebrated in India on which date to honour Neeraj Chopra’s Olympic gold medal win?,5 August,6 August,7 August,8 August,9 August,7 August
205,RBI recently imposed a ₹75 lakh penalty on which bank for non-compliance with regulations related to property valuation and current account rules?,HDFC Bank,Axis Bank,ICICI Bank,Punjab National Bank,State Bank of India,ICICI Bank
206,"Antfin Singapore Holding Private Limited divested a 1.46% stake in which company for Rs. 4,097 crore?",Paytm,Zomato,Eternal Limited,Blinkit,PhonePe,Eternal Limited
207,Which bank has signed an MoU with FSSAI to launch the ‘FSSAI Payment Solution’ platform?,State Bank of India,HDFC Bank,Bank of Baroda,ICICI Bank,None of these,Bank of Baroda
208,SBI’s Q1 FY26 net profit rose 12.5% year-on-year to what amount?,"₹25,000 crore","₹19,160 crore","₹41,072 crore","₹44,218 crore","₹78,040 crore","₹19,160 crore"
209,What is the proposed daily penalty for banks delaying settlement of safe deposit locker/article claims as per RBI’s draft circular?,"₹2,000 per day","₹3,000 per day","₹5,000 per day","₹10,000 per day","₹7,500 per day","₹5,000 per day"
210,Which two new features has RBI launched on its Retail Direct platform in August 2025?,SIP for Treasury Bills & Auto-Bidding Facility,Loan against Gold & UPI Bill Payments,e-KYC & Instant Loan Facility,NACH Payment & Cheque Truncation,None of these,SIP for Treasury Bills & Auto-Bidding Facility
211,The IFC has committed USD 150 million to which fund of HDFC Capital?,H-DREAM Fund,H-GREEN Fund,Affordable Housing Fund,Urban Growth Fund,None of the above,H-DREAM Fund
212,Which panchayat in Kerala was declared a ‘Living Lab’ for climate change under the ‘Heat Resilient Moodadi’ project?,Perambra Panchayat,Moodadi Panchayat,Beypore Panchayat,Vatakara Panchayat,Thamarassery Panchayat,Moodadi Panchayat
213,Which new job category has been added under MNREGA as per the latest government notification?,Road construction,Forest fire management,River dredging,Solar panel installation,Rural tourism infrastructure,Forest fire management
214,Who topped the Fortune 100 Most Powerful People in Business List 2025?,Satya Nadella,Jensen Huang,Mark Zuckerberg,Elon Musk,Mukesh Ambani,Jensen Huang
215,"What was India’s annual defence production in FY 2024–25, marking an all- time high?","₹ 1,50,590 crore","₹1,27,000 crore","₹ 1,25,000 crore","₹1,45,800 crore","₹1,40,500 crore","₹ 1,50,590 crore"
216,Which organisation has proposed the SWAGAT-FI single-window gateway for trusted foreign investors?,RBI,SEBI,IRDAI,NITI Aayog,NABARD,SEBI
217,"What is the premature redemption price of SGB due on August 11, 2025?","₹9,950","₹10,000","₹10,070","₹10,100","₹10,500","₹10,070"
218,What is the length of Asia’s longest freight train ‘Rudrastra’ tested by Indian Railways in 2025?,4 km,4.5 km,5 km,3.8 km,4.2 km,4.5 km
219,Which two key maritime laws were passed by India’s Parliament in 2025 to modernise the shipping sector?,Maritime Trade Bill 2025 & Coastal Shipping Bill 2024,Indian Ports Bill 2025 & Merchant Trade Bill 2024,Merchant Shipping Bill 2024 & Carriage of Goods by Sea Bill 2025,Sea Transport Bill 2025 & Cargo Bill 2024,Shipping Development Bill 2025 & Maritime Reform Bill 2024,Merchant Shipping Bill 2024 & Carriage of Goods by Sea Bill 2025
220,What was the Gross Merchandise Value (GMV) achieved by Government e Marketplace (GeM) in FY 2024–25?,₹4.8 lakh crore,₹5.4 lakh crore,₹5.0 lakh crore,₹6.1 lakh crore,₹4.5 lakh crore,₹5.4 lakh crore
221,"Under the approved PMUY subsidy for FY26, what is the per-cylinder subsidy amount for a 14.2 kg LPG cylinder?",₹200,₹250,₹300,₹350,₹400,₹300
222,Which major transit corridor was announced in the Armenia–Azerbaijan peace deal signed at the White House?,Caucasus Peace Corridor,Trump Route for International Peace and Prosperity,Eurasia Trade Link,Caspian Gateway,Black Sea Economic Corridor,Trump Route for International Peace and Prosperity
223,Who became the first Indian surfer to reach the final of the Asian Surfing Championship?,Kishore Kumar,Shidong Wu,Pajar Ariyana,Ramesh Budihal,Mega Artana,Ramesh Budihal
224,In which country did India’s Annu Rani win gold in women’s javelin throw at the International Wiesław Maniak Memorial in 2025?,Turkey,Australia,Poland,Germany,France,Poland
225,Where is BPCL’s upcoming greenfield refinery-cum-petrochemical complex (RcPC) located?,Machilipatnam,Mulpeta,Ramaayapatnam,Kakinada,Srikakulam,Ramaayapatnam
226,"The Union Cabinet approved four new components under the Special Development Packages (SDPs) for which two North Eastern states with a total outlay of ₹4,250 crore?",Assam and Meghalaya,Tripura and Nagaland,Assam and Tripura,Manipur and Assam,Mizoram and Tripura,Assam and Tripura
227,The U.S. dropped an atomic bomb on Nagasaki on which date?,6 August 1945,8 August 1945,9 August 1945,12 August 1945,15 August 1945,9 August 1945
228,On which date was World Sanskrit Day 2025 observed?,6 August 2025,7 August 2025,9 August 2025,12 August 2025,10 August 2025,9 August 2025
229,Where will the main event of World Lion Day 2025 be held?,Gir National Park,Barda Wildlife Sanctuary,Velavadar National Park,Sasan Gir,Kuno National Prk,Barda Wildlife Sanctuary
230,Which district hosted Indian Bank’s ‘Financial Inclusion Saturation Program’?,Kanchipuram,Tiruvallur,Madurai,Coimbatore,Salem,Tiruvallur
231,On which date did India’s UPI record over 707 million transactions in a single day?,1 August 2025,2 August 2025,15 July 2025,31 July 2025,5 August 2025,2 August 2025
232,"What is the new minimum average monthly balance for ICICI Bank savings accounts in metros and urban areas (effective Aug 1, 2025)?","₹10,000","₹25,000","₹50,000","₹5,000","₹40,000","₹50,000"
233,"Under which scheme will ₹3,200 crore crop insurance claims be digitally transferred to 3 million farmers?",PM-KISAN,PMFBY,RKVY,NFSM,PM-AASHA,PMFBY
234,Which group recently received a non-deposit taking NBFC license from the Reserve Bank of India to launch its lending unit ‘Equirus Finance’?,Edelweiss Group,Equirus Group,Bajaj Finserv,L&T Finance,IIFL Finance,Equirus Group
235,Which organisation launched the “Work for Viksit Bharat” portal to recruit professionals for national development projects?,Ministry of Labour & Employment,NITI Aayog,Ministry of Skill Development & Entrepreneurship,Ministry of Home Affairs,Invest India,NITI Aayog
236,Who was the first recipient of the Param Vir Chakra of Independent India?,Field Marshal Sam Manekshaw,Brigadier Mohammad Usman,Major Somnath Sharma,K.M. Cariappa,Arjan Singh,Major Somnath Sharma
237,What is the theme of the Bharat Ratna Dr. M.S. Swaminathan Centenary International Conference 2025?,Green Revolution – The Path to Prosperity,Evergreen Revolution – The Path to Bio-Happiness,Food Security for All,Sustainable Agriculture – A Way Forward,Hunger-Free World,Evergreen Revolution – The Path to Bio-Happiness
238,"Under Chhattisgarh’s new ‘Gaudham’ scheme, how much monthly honorarium will be given to cattle grazers?","₹9,500","₹10,916","₹12,000","₹8,750","₹11,500","₹10,916"
239,What is India’s rank in the mid-2025 Numbeo Safety Index?,49th,55th,67th,74th,88th,67th
240,The recently approved “Atal Bihari Vajpayee-Chevening Scholarship” will support students from which state to pursue higher education in the UK?,Madhya Pradesh,Bihar,Uttar Pradesh,Rajasthan,Haryana,Uttar Pradesh
241,The Government of India decided to withdraw the draft Digital Competition Bill mainly because:,Lack of parliamentary approval,Over-reliance on turnover thresholds to define SSDE,Budget constraints,Absence of digital market players in India,Conflict with state laws,Over-reliance on turnover thresholds to define SSDE
242,Which Indian football club won the U-14 Norway Cup 2025 with a 14-1 victory in the final?,Bengaluru FC,Mohun Bagan SG,Minerva Academy FC,Kerala Blasters FC,Churchill Brothers FC,Minerva Academy FC
243,What is the maximum cashless treatment amount provided under the Cashless Treatment of Road Accident Victims Scheme 2025?,₹1 lakh,₹1.25 lakh,₹1.5 lakh,₹2 lakh,₹2.5 lakh,₹1.5 lakh
244,"Tendong Lho Rum Faat, recently celebrated in Sikkim, is a traditional festival of which tribe?",Bhutia Tribe,Lepcha Tribe,Limboo Tribe,Sherpa Tribe,Memba Tribe,Lepcha Tribe
245,"ISRO will soon launch a 6,500 kg communication satellite built by which country?",Russia,USA,France,Japan,UK,USA
246,Which village in rural Nagpur is leading India’s rural digital transformation initiative?,Katol,Satnavri,Umred,Kalmeshwar,Narkhed,Satnavri
247,When did INS Sandhayak enter Singapore for its maiden visit?,15 Aug 2025,26 Jan 2025,5 Aug 2025,1 Feb 2024,9 Aug 2025,9 Aug 2025
248,Indian Naval Ships Udaygiri and Himgiri are part of which project?,Project 75,Project 17A,Project 28,Project 15B,None of these,Project 17A
249,What is the total length of the newly inaugurated Bengaluru Metro Yellow Line?,15.25 km,19.15 km,22.40 km,25.10 km,44.65 km,19.15 km
250,Who is the author of the book The Conscience Network?,Ramachandra Guha,Sugata Srinivasaraju,Shashi Tharoor,Arundhati Roy,Jairam Ramesh,Sugata Srinivasaraju
251,"Where will the ₹1,800-crore ‘Brahma–BEML Rail Manufacturing Hub’ be established?","Bhopal, Madhya Pradesh","Umaria village, Obedullaganj","Nagpur, Maharashtra","Vadodara, Gujarat","Gwalior, Madhya Pradesh","Umaria village, Obedullaganj"
252,When is World Tribal Day (International Day of the World’s Indigenous People) observed every year?,5 June,9 August,12 October,21 March,15 July,9 August
253,Which bank has partnered with VinFast Auto in India to provide auto and inventory financing for its exclusive dealer network?,ICICI Bank,Axis Bank,HDFC Bank,State Bank of India,Kotak Mahindra Bank,HDFC Bank
254,Why did the Central Bank of the UAE (CBUAE) suspend motor insurance operations of Oriental Insurance Company (OIC) in Dubai?,Due to financial losses,Due to non-compliance with regulatory requirements,Due to a merger with another company,Due to low customer base,Due to cyber security issues,Due to non-compliance with regulatory requirements
255,What was the year-on-year growth in net profit of Public Sector Banks in Q1 FY26?,8.2%,9.5%,10.6%,11.8%,12.4%,10.6%
256,"As of 2025, what is the government’s stake in Life Insurance Corporation of India (LIC)?",90%,93.85%,94.61%,96.5%,89.27%,96.5%
257,The first International Manuscript Heritage Conference in India will commemorate which historic event?,Mahatma Gandhi’s Dandi March,Rabindranath Tagore’s Nobel Prize,Swami Vivekananda’s Chicago Address,First Indian Census,Establishment of Nalanda UniversLity,Swami Vivekananda’s Chicago Address
258,Which award did Terminal 2 of Lokpriya Gopinath Bordoloi International Airport win in 2025?,International Green Building Award,International Architectural Award in Transport Category,World Travel Award,Global Airport Excellence Award,UNESCO Heritage Architecture Award,International Architectural Award in Transport Category
259,What is the purpose of the National Sports Governance Bill passed in Lok Sabha?,To provide free sports facilities to all citizens,To regulate various sports administrators and federations in India,To promote traditional sports only,To privatize all sports federations,To merge all sports federations under one body,To regulate various sports administrators and federations in India
260,What is the purpose of Punjab’s newly launched ‘Baaj Akh’ Anti-Drone System?,To monitor weather patterns,To curb cross-border drug smuggling,To enhance agricultural productivity,To track wildlife movement,To assist in disaster management,To curb cross-border drug smuggling
261,"Which Indian Naval Ship recently completed a port call at Casablanca, Morocco?",INS Tushil,INS Sunayak,INS Tamal,INS Vikrant,INS Kolkata,INS Tamal
262,"As of August 2025, how many unorganised workers have registered on the e- Shram portal?",25.87 crore,28.56 crore,30.98 crore,32.10 crore,29.45 crore,30.98 crore
263,What is the mascot of the 71st Nehru Trophy Boat Race (NTBR) depicting?,A kingfisher flying over water,A drongo (Kakkathampuratti) rowing a canoe,A dolphin jumping out of the lake,A snake boat racing,A fisherman casting Lnet,A drongo (Kakkathampuratti) rowing a canoe
264,Which country has been declared free of sleeping sickness by WHO?,Uganda,Kenya,Tanzania,Nigeria,Ghana,Kenya
265,Flipkart recently launched the ‘Gourmet’ category under which service?,Flipkart Express,Flipkart Now,Flipkart Minutes,Flipkart Plus,Flipkart Fresh,Flipkart Minutes
266,Where is the Indian Army organizing the drone competition Surya Dronnathan 2025?,"Leh, Ladakh","Sumdo, Spiti Valley, Himachal Pradesh","Gangtok, Sikkim","Dehradun, Uttarakhand","Jaipur, Rajasthan","Sumdo, Spiti Valley, Himachal Pradesh"
267,Which global tech companies has BSNL signed MoUs with for advanced skilling programs?,"Ericsson India, Qualcomm, Cisco, Nokia","Intel, IBM, Microsoft, Huawei","Samsung, Google, TCS, Infosys","Oracle, Dell, HP, Lenovo","Apple, Sony, Ericsson, Cisco","Ericsson India, Qualcomm, Cisco, Nokia"
268,The recent gain in mangrove cover in West Bengal is largely attributed to which programmes?,Green India Mission & ICZM,MISHTI & CAMPA–MGNREGS,CRZ & Project Tiger,National Afforestation Programme & REDD+,Blue Carbon Initiative & ICZM,MISHTI & CAMPA–MGNREGS
269,What is the key feature of the Indian Railways’ experimental Round Trip Package scheme?,Free meals on return journey,20% rebate on the base fare of the return journey,Complimentary travel insurance,Priority boarding for festive season travelers,Free Wi-Fi on trains,20% rebate on the base fare of the return journey
270,What is the theme of International Youth Day 2025?,Youth for Climate Action,Local Youth Actions for the SDGs and Beyond,Empowering Rural Youth,Youth and Technology,Global Youth Leadership,Local Youth Actions for the SDGs and Beyond
271,Which bank has won the Apex Bank award for the 23rd time for its performance in 2023–24?,Karnataka State Apex Cooperative Bank,South Canara District Central Cooperative Bank,Mysuru District Cooperative Bank,Tumkur District Central Cooperative Bank,Dharwad District Central Cooperative Bank,South Canara District Central Cooperative Bank
272,UIDAI recently celebrated a milestone in digital authentication by recording how many crore Face Authentication transactions?,50 crore,100 crore,150 crore,200 crore,250 crore,200 crore
273,Bank of Baroda recently launched which UPI application to enable seamless and secure cross-border digital payments?,bob Global Pay,bob UPI World,bob International,bob e-Pay,bob CrossPay,bob e-Pay
274,"On 8 August 2025, SEBI removed the transaction fee for which participants in mutual funds?",Stock brokers,Mutual fund distributors,Insurance agents,Portfolio managers,Commodity traders,Mutual fund distributors
275,Which bank has partnered with CAMSPay to launch a new digital payment gateway for Indian enterprises?,HDFC Bank,ICICI Bank,Axis Bank,RBL Bank,Kotak Mahindra Bank,RBL Bank
276,What was the total value of bad loans written off by PSBs in the last five years?,₹4.25 lakh crore,₹5.82 lakh crore,₹6.25 lakh crore,₹7.15 lakh crore,₹8.05 lakh crore,₹5.82 lakh crore
277,"What was India’s retail inflation rate in July 2025, the lowest since June 2017?",2.10%,4.00%,1.55%,0.95%,2.04%,1.55%
278,"Under the Incredible India Homestay Establishments scheme, homestays in India are classified into how many categories?",One,Two,Three,Four,Five,Two
279,What is the key change introduced by the Revised Income Tax Bill passed in the Lok Sabha in 2025?,Basic exemption limit raised to ₹15 lakh annually,Income Tax Act 1961 retained with minor changes,Full replacement of Income Tax Act 1961 with a modern framework,Abolition of TDS,Introduction of new wealth tax,Full replacement of Income Tax Act 1961 with a modern framework
280,Which country announced it will recognise a Palestinian state at the UNGA in September 2025?,Canada,New Zealand,Norway,Ireland,Australia,Australia
281,"India signed an MoU with which country on July 18, 2025, to promote trade alliances between cooperatives?",Indonesia,Senegal,Zambia,Kenya,South Africa,Zambia
282,"Under the JATAN initiative, how many artefacts from ASI’s Archaeological Site Museums in Goa and Nagarjunakonda have been digitized?","1,234","8,667","7,941",726,"9,000+","8,667"
283,Which Indian company with ties to Russia is sending a shipment to China for the first time since 2021?,Reliance Industries,Indian Oil Corporation,Nayara Energy,ONGC,Bharat Petroleum,Nayara Energy
284,"Under the India Semiconductor Mission (ISM), how many new semiconductor assembly and testing facilities have been approved by the Union Cabinet in Punjab, Odisha, and Andhra Pradesh?",3,5,8,6,4,4
285,Which Indian company has become the first to join the International Council on Mining and Metals (ICMM)?,Hindustan Zinc Ltd,Coal India Ltd,Vedanta Ltd,NMDC Ltd,SAIL,Hindustan Zinc Ltd
286,In which year will the Union Public Service Commission (UPSC) begin its Centenary Year celebrations?,2024,2025,2026,2027,2028,2025
287,Who recently overtook Virat Kohli to become the fifth-highest run-getter in T20 cricket?,Chris Gayle,Glenn Maxwell,Jos Buttler,Babar Azam,David Warner,David Warner
288,"Which Indian group won the Equator Prize 2025, also known as the ""Nobel Prize for Biodiversity Conservation""?",Self Employed Women’s Association,Kudumbashree Mission,Bibi Fatima Women’s Self-Help Group,Narmada Bachao Andolan,Barefoot College,Bibi Fatima Women’s Self-Help Group
289,What is the theme of World Elephant Day 2025?,"Save Elephants, Save Nature",Bringing the world together to help elephants,Protecting Elephant Corridors,Elephants and Ecosystem Balance,Global Call for Elephant Conservation,Bringing the world together to help elephants
290,"As per RBI guidelines, banks must issue all customer communications in which format to ensure clarity and convenience?",Only English,Hindi & English,"Hindi, English & Regional Language",English & Regional Language,Any language chosen by the bank,"Hindi, English & Regional Language"
291,RBI’s FREE-AI Committee headed by Pushpak Bhattacharya has recommended how many actionable recommendations for ethical AI adoption in the financial sector?,15,20,26,30,32,26
292,From which date will the Reserve Bank of India (RBI) introduce the new mechanism for clearance of cheques within hours of being presented to banks?,"September 1, 2025","October 4, 2025","January 2, 2026","April 1, 2026","July 1, 2026","October 4, 2025"
293,How much does SBI plan to raise through Tier-II bonds in FY26?,"₹10,000 crore","₹12,000 crore","₹15,000 crore","₹20,000 crore","₹25,000 crore","₹15,000 crore"
294,"As per the government, what was the CAGR of UPI transactions between FY 2017-18 and FY 2024-25?",41%,74%,114%,92%,86%,114%
295,"Who has been appointed as a member of the Reserve Bank of India’s (RBI) Monetary Policy Committee (MPC), replacing Rajiv Ranjan?",Poonam Gupta,Sanjay Malhotra,Nagesh Kumar,Saugata Bhattacharya,Indranil Bhattacharyya,Indranil Bhattacharyya
296,"As of August 2025, how many Ayushman Bharat Health Accounts (ABHAs) have been created under ABDM?",59.21 crore,67.19 crore,79.91 crore,82.45 crore,76.84 crore,79.91 crore
297,Which city was proposed by India as the host for the 2030 Commonwealth Games in its Expression of Interest (EOI)?,Delhi,Bhubaneswar,Ahmedabad,Mumbai,Hyderabad,Ahmedabad
298,"Which initiative of NITI Aayog recently hosted ‘Mega Tinkering Day’, India’s largest-ever school-based tinkering event?",Startup India Mission,Atal Innovation Mission (AIM),Digital India Initiative,Make in India Programme,PM Gati Shakti Plan,Atal Innovation Mission (AIM)
299,"What is SHRESTH, recently launched by the Union Health Secretary?",A healthcare insurance scheme,A drug regulatory benchmarking index,A national vaccination programme,A digital health card initiative,A pharmaceutical export promotion council,A drug regulatory benchmarking index
300,"The Government of which state has launched the “Garuda Drishti” scheme, a social media monitoring and cyber-intelligence initiative?",Maharashtra,Gujarat,Karnataka,Uttar Pradesh,Madhya Pradesh,Maharashtra
301,How much private investment will the Pixxel-led consortium make to build India’s first indigenous EO satellite constellation?,₹800 crore,"₹1,000 crore","₹1,200 crore","₹1,500 crore","₹2,000 crore","₹1,200 crore"
302,What is the theme of the 79th Independence Day celebrations (2025)?,Viksit Bharat,Azadi Ka Amrit Mahotsav,Naya Bharat,Swachh Bharat,Amrit Kaal,Naya Bharat
303,"MY Bharat, Department of Youth Affairs, Ministry of Youth Affairs & Sports, recently signed an MoU with which organisation to collaborate on youth leadership development and capacity building?",National Skill Development Corporation (NSDC),NITI Aayog,School of Ultimate Leadership Foundation (SOUL),Indian Youth Parliament Association,Nehru Yuva Kendra Sangathan (NYKS),School of Ultimate Leadership Foundation (SOUL)
304,Who won the ICC Men’s Player of the Month for July 2025?,Virat Kohli,Rohit Sharma,Shubman Gill,Babar Azam,Kane Williamson,Shubman Gill
305,UIDAI has signed a 5-year R&D agreement with which institute to enhance Aadhaar security and reliability?,IIT Delhi,IISc Bengaluru,DRDO,NIT Trichy,Indian Statistical Institute (ISI),Indian Statistical Institute (ISI)
306,Where has Western Railway commissioned India’s first 2×25 kV electric traction substation under the Mission Raftaar initiative?,"Nagda–Khachrod section, Madhya Pradesh","Kota–Chittorgarh section, Rajasthan","Surat–Vapi section, Gujarat","Jhansi–Kanpur section, Uttar Pradesh","Asansol–Dhanbad section, West Bengal","Nagda–Khachrod section, Madhya Pradesh"
307,"Which organisations jointly organised the “Leaders’ Dialogue on Green & Digital Maritime Corridors” in Mumbai under the aegis of the Ministry of Ports, Shipping and Waterways (MoPSW)?",Cochin Port Authority & Indian Navy,Jawaharlal Nehru Port Authority (JNPA) & Indian Ports Association (IPA),Paradip Port Authority & Indian Maritime University,Shipping Corporation of India & Inland Waterways Authority,Kandla Port Authority & Directorate General of Shipping,Jawaharlal Nehru Port Authority (JNPA) & Indian Ports Association (IPA)
308,How many sites have been finalized under PM MITRA Parks and what is the total outlay?,"5 sites, ₹3,200 crore","6 sites, ₹5,000 crore","7 sites, ₹4,445 crore","8 sites, ₹4,000 crore","9 sites, ₹4,600 crore","7 sites, ₹4,445 crore"
309,The Cabinet has approved an investment of ₹8146.21 crore for the construction of which Hydro Electric Project in Arunachal Pradesh?,Subansiri Lower HEP,Ranganadi-II HEP,Tato-II HEP,Kameng HEP,Pare HEP,Tato-II HEP
310,"The Ministry of Home Affairs recently issued a gazette notification tightening rules for which category of cardholders under the Citizenship Act, 1955?",Person of Indian Origin (PIO) cardholders,Overseas Citizens of India (OCI) cardholders,Aadhaar cardholders,Voter ID cardholders,PAN cardholders,Overseas Citizens of India (OCI) cardholders
311,India’s annual inflation rate based on the Wholesale Price Index (WPI) fell to what level in July 2025?,(-) 1.36%,(-) 0.13%,(-) 0.58%,0.75%,1.20%,(-) 0.58%
312,From which date will SBI’s revised IMPS charges come into effect?,August 1,August 10,August 15,September 1,July 31,August 15
313,HDFC ERGO General Insurance has partnered with which digital payments platform to launch an affordable health insurance solution targeting the “Missing Middle”?,Paytm,Google Pay,Amazon Pay,BharatPe,PhonePe,PhonePe
314,Which UPI app processed the highest number of transactions in July 2025?,Google Pay,Paytm,PhonePe,Navi,super.money,PhonePe
315,Standard & Poor’s (S&P) Global Ratings recently upgraded India’s long-term sovereign credit rating after 18 years. What is the new rating?,BBB-,BBB,A-2,A-3,A+,BBB
316,Who has been appointed as Director on the Tata Sons Board at the 107th AGM?,Ratan Tata,Noel Tata,Venu Srinivasan,Saurabh Agarwal,Anand Mahindra,Noel Tata
317,By what percentage did the number of Kisan Credit Card (KCC) accounts in public sector banks decline in FY25?,2.5%,1.8%,3.2%,0.9%,2.0%,1.8%
318,"On the 79th Independence Day (2025), Prime Minister Narendra Modi broke whose record for the most consecutive Independence Day addresses from the Red Fort?",Atal Bihari Vajpayee,Indira Gandhi,Jawaharlal Nehru,Manmohan Singh,Lal Bahadur Shastri,Indira Gandhi
319,What is the total outlay of the newly launched PM Viksit Bharat Rozgar Yojana (PM-VBRY)?,"₹50,000 crore","₹75,000 crore",₹1 trillion,₹1.5 trillion,₹2 trillion,₹1 trillion
320,Which authority launched India’s first Property Rating Framework for Digital Connectivity?,SEBI,TRAI,NITI Aayog,DoT,MeitY,TRAI
321,"India recently achieved its first-ever deep ocean human expedition with aquanauts reaching 4,025 m and 5,002 m in the Atlantic Ocean. The mission was conducted in collaboration with which institute?",Woods Hole Oceanographic Institution (USA),"IFREMER, France",CSIR – National Institute of Oceanography (India),"JAMSTEC, Japan",National Oceanic and Atmospheric Administration (USA),"IFREMER, France"
322,"The Government has recently approved a ₹47,000 crore capex plan for which telecom company?",Jio,Airtel,Vodafone Idea,BSNL,MTNL,BSNL
323,The mascot of the first-ever Khelo India Water Sports Festival 2025 is?,Snow Leopard,Himalayan Kingfisher,Black-necked Crane,Blue Pigeon,Himalayan Monal,Himalayan Kingfisher
324,Which bill did Finance Minister Nirmala Sitharaman recently introduce in the Lok Sabha to amend India’s insolvency law?,"Insolvency and Bankruptcy Code (Amendment) Bill, 2023","Insolvency and Bankruptcy Code (Amendment) Bill, 2024","Insolvency and Bankruptcy Code (Amendment) Bill, 2025","Insolvency and Bankruptcy Code (Amendment) Bill, 2021","Corporate Insolvency and Resolution Bill, 2025","Insolvency and Bankruptcy Code (Amendment) Bill, 2025"
325,Bihar’s Road Construction Department has partnered with which institution to launch an AI-driven bridge management system?,IIT Bombay,IIT Delhi,IIT Kanpur,IIT Madras,NIT Patna,IIT Delhi
326,Who launched the AI-powered tool ‘SabhaSaar’ for Gram Sabha meetings?,Amit Shah,Dharmendra Pradhan,Nitin Gadkari,Anurag Thakur,Rajiv Ranjan Singh ‘Lalan’,Rajiv Ranjan Singh ‘Lalan’
327,Who recently became India’s 89th Chess Grandmaster (GM) in July 2025?,Divya Deshmukh,A. Harikrishnan,S. Rohith Krishna,R. Praggnanandhaa,Arjun Erigaisi,S. Rohith Krishna
328,India and the U.S. will hold the 21st edition of which joint military exercise in Alaska this month?,Vajra Prahar,Yudh Abhyas,Malabar,Garuda Shakti,Shakti,Yudh Abhyas
329,"Dr Vece Paes, who recently passed away, was associated with which sport?",Hockey,Tennis,Football,Rugby,Athletics,Hockey
330,Which bank received the highest number of customer complaints in FY25 among public sector banks?,Punjab National Bank,Bank of Baroda,State Bank of India,Canara Bank,Union Bank of India,State Bank of India
331,Which bank has launched a special personal loan scheme for Agniveers on India’s 79th Independence Day?,Punjab National Bank,Bank of Baroda,HDFC Bank,State Bank of India,ICICI Bank,State Bank of India
332,From which date has NPCI directed banks and payment apps to stop peer-to- peer (P2P) UPI “collect requests” to curb frauds?,"September 1, 2025","October 1, 2025","November 1, 2025","December 1, 2025","January 1, 2026","October 1, 2025"
333,Which bank will manage the online payment services for India’s first barrier- less toll collection system?,Punjab National Bank,Bank of Baroda,HDFC Bank,State Bank of India,ICICI Bank,ICICI Bank
334,The Ministry of Skill Development and Entrepreneurship (MSDE) recently held an interactive session with northeastern states on which theme?,Digital Skilling Mission,National Scheme for ITI Upgradation,Startup India Skill Drive,Skill India 2.0 Initiative,Pradhan Mantri Kaushal Samvardhan Yojana,National Scheme for ITI Upgradation
335,"As per the Digital Agriculture Mission, how many farmers currently have digital IDs linked to land records?",50 million,70 million,90 million,100 million,110 million,70 million
336,Which facility was launched by NHAI on 15th August 2025 to streamline toll payments?,One Nation One Toll Card,FASTag Annual Pass,Digital Toll Wallet,MLFF System,Bharat e-Toll,FASTag Annual Pass
337,Who has been announced as NDA’s candidate for the Vice-Presidential election 2025?,Jagdeep Dhankhar,C.P. Radhakrishnan,Venkaiah Naidu,Ram Nath Kovind,Anurag Thakur,C.P. Radhakrishnan
338,Raksha Mantri Rajnath Singh recently interacted with 30 meritorious tribal students from the Andaman & Nicobar Islands under which initiative?,Aarohan: Dweep to Delhi,Ek Bharat Shreshtha Bharat,Bharat Darshan Yatra,Mission Samrasta,Yuva Sangam,Aarohan: Dweep to Delhi
339,Where was the ISRO–Muskaan Foundation space lab inaugurated in Arunachal Pradesh?,Itanagar,Pasighat,Tawang,Mechuka,Ziro,Mechuka
340,Which organisation published the Top 500 Global Brands List 2025?,Interbrand,TopBrand Union,Brand Finance,World Economic Forum,Fortune Global Insights,TopBrand Union
341,"In the proposed new GST structure, what will be the highest tax rate?",28%,30%,35%,40%,18%,40%
342,When was the Nasha Mukt Bharat Abhiyaan (NMBA) launched?,2018,2019,2020,2021,2022,2020
343,Who has been chosen for the Lifetime Achievement Award at the 17th International Documentary and Short Film Festival of Kerala (IDSFFK)?,Anand Patwardhan,Deepa Dhanraj,Shaji N. Karun,Mira Nair,Rakesh Sharma,Rakesh Sharma
344,"Which mission was launched by India in 2025 to ensure supply of critical minerals like lithium, cobalt, and rare earths for self-reliance?",National Mineral Development Mission,National Rare Earths Mission,National Critical Mineral Mission (NCMM),Mineral Security Mission,Clean Energy Mineral Mission,National Critical Mineral Mission (NCMM)
345,Which two organisations signed an MoU to roll out the e-Sushrut@Clinic platform?,NHA & C-DAC,NITI Aayog & NIC,ICMR & AIIMS,Ministry of Health & IIT Delhi,DRDO & DGHS,NHA & C-DAC
346,"Which two highway projects worth ₹11,000 crore will PM Modi inaugurate in Delhi?",Delhi–Meerut Expressway & Eastern Peripheral Expressway,Dwarka Expressway (Delhi section) & UER-II (Alipur–Dichau Kalan stretch),Delhi–Mumbai Expressway & Western Peripheral Expressway,Yamuna Expressway & Agra–Lucknow Expressway,Delhi–Jaipur Expressway & Delhi–Amritsar Expressway,Dwarka Expressway (Delhi section) & UER-II (Alipur–Dichau Kalan stretch)
347,Which institute’s researchers have developed a low-power miniaturised technology to detect trace leakage of hydrogen and nitrogen dioxide?,IIT Madras,IISc Bengaluru,IISER Thiruvananthapuram,IIT Bombay,NIT Trichy,IISER Thiruvananthapuram
348,Who has been given the additional charge as the Governor of Nagaland after the demise of L,Ganesan in August 2025? A. Ajay Kumar Bhalla,Arif Mohammed Khan,Ramesh Bais,Anusuiya Uikey,C. P. Radhakrishnan,Ganesan in August 2025? A. Ajay Kumar Bhalla
349,Where was the 12th edition of the Sri Lanka–India Naval Exercise (SLINEX-25) conducted in August 2025?,"Kochi, India","Colombo, Sri Lanka","Visakhapatnam, India","Trincomalee, Sri Lanka","Chennai, India","Colombo, Sri Lanka"
350,Who is the author of the book “The Weight Loss Revolution – Weight Loss Drugs and How to Use Them”?,Dr. Devi Shetty & Rujuta Diwekar,Dr. Ambrish Mithal & Shivam Vij,Dr. Naresh Trehan & Shiv Khera,Dr. Sudhanshu Bhattacharya & Piyush Pandey,Dr. Randeep Guleria & Chetan Bhagat,Dr. Ambrish Mithal & Shivam Vij
351,LIC’s special revival campaign for lapsed policies will run between which dates?,1 July – 31 August,15 August – 15 October,18 August – 17 October,1 September – 31 October,10 August – 10 October,18 August – 17 October
352,Which bank partnered with IndiGo to launch the IndiGo IDFC FIRST Credit Card offering Mastercard and RuPay networks?,HDFC Bank,ICICI Bank,IDFC FIRST Bank,Axis Bank,Yes Bank,IDFC FIRST Bank
353,Which state received the highest SASCI fund allocation in FY26 (till 11 Aug 2025)?,Bihar,Rajasthan,Maharashtra,Uttar Pradesh,Madhya Pradesh,Uttar Pradesh
354,Which Indian firm became the first to receive a UAE licence to sell investment funds and portfolios to retail investors?,HDFC International,Kotak International,ICICI International,Axis Global,SBI Global,Kotak International
355,Who won the Best Film & Best Director Award at the Indian Film Festival of Melbourne (IFFM) 2025?,Sanjay Leela Bhansali,Neeraj Ghaywan,Rajkumar Hirani,Anurag Kashyap,None of these,Neeraj Ghaywan
356,Which country is hosting the Asian Open Short Track Speed Skating Trophy 2025 for the first time?,China,Japan,India,Indonesia,Thailand,India
357,"Recently, Union Minister of State Kirti Vardhan Singh launched a customized version of the Hostile Activity Watch Kernel (HAWK) wildlife crime management system for which state?",Kerala,Karnataka,Maharashtra,Madhya Pradesh,Tamil Nadu,Tamil Nadu
358,What is the purpose of the newly unveiled Golden Dome Missile Defense System by the United States?,To enhance nuclear submarine capabilities,To shield the U.S. from foreign missile threats,To develop offensive hypersonic missiles,To control military satellites,To expand NATO’s joint defense operations,To shield the U.S. from foreign missile threats
359,Which railway zone has become the first in India to shift to compostable bio- plastic on trains?,Eastern Railway,Northeast Frontier Railway,Northern Railway,South Central Railway,Western Railway,Northeast Frontier Railway
360,Russia has planned to launch its Venera-D mission to Venus between which years?,2028 – 2030,2030 – 2032,2032 – 2034,2034 – 2036,2036 – 2038,2034 – 2036
361,"On 14 August 2025, Prime Minister Narendra Modi marked the completion of how many years of the Jal Jeevan Mission (JJM)?",4 years,5 years,6 years,7 years,10 years,6 years
362,"Union Minister H.D. Kumaraswamy recently launched the official logo, brochure, and website of Bharat Steel 2026. What is its primary objective?",To promote foreign investment in Indian mining sector,To conduct the largest steel exhibition in India and position India as a global hub for advanced steel production,To enhance exports of iron ore from India,To attract private participation in coal mining,To boost aluminium and copper production in India,To conduct the largest steel exhibition in India and position India as a global hub for advanced steel production
363,The Government has proposed to establish a National Veterinary Blood Bank Network (N-VBBN) under which department?,Ministry of Health & Family Welfare,"Ministry of Environment, Forest & Climate Change",Department of Animal Husbandry & Dairying,Ministry of Rural Development,Ministry of Agriculture & Farmers Welfare,Department of Animal Husbandry & Dairying
364,Who won the Quantbox Chennai Grand Masters 2025 (Masters Section) title?,GM Vincent Keymer,GM Viswanathan Anand,GM Magnus Carlsen,GM R Praggnanandhaa,GM D Gukesh,GM Vincent Keymer
365,Which state is hosting the 12th Men’s Asia Cup Hockey 2025 for the first time?,Odisha,Punjab,Bihar,Haryana,Uttar Pradesh,Bihar
366,Who won the Women’s Singles title at the Saipan International 2025 Badminton Tournament?,Tanya Hemanth,PV Sindhu,Saina Nehwal,Malvika Bansod,Tasnim Mir,Tanya Hemanth
367,Infosys announced the acquisition of a 75% stake in which Telstra subsidiary to form a Joint Venture focused on AI-powered cloud and digital services?,TPG Telecom,Optus Digital,Versent Group,Telstra Purple,Cloud Access,Versent Group
368,The Indian Navy recently received ‘INS Ikshak (Yard 3027)’. Which of the following statements is correct about it?,It is the 1st ship of the Survey Vessel (Large) class,It is the 3rd ship of the Survey Vessel (Large) class built by GRSE,It was commissioned in 2022 as India’s first indigenous survey vessel,It is the only SVL ship without accommodation for women officers,It was built by Mazagon Dock Shipbuilders Limited,It is the 3rd ship of the Survey Vessel (Large) class built by GRSE
369,"Former Australia captain and coach Bob Simpson, who recently passed away at the age of 89, was associated with which sport?",Football,Hockey,Tennis,Cricket,Rugby,Cricket
370,World Humanitarian Day is observed every year on which date?,10 August,15 August,19 August,21 August,25 August,19 August
371,By how much did the foreign liabilities of India’s mutual fund industry rise in FY25 as per RBI survey?,15.5%,18.2%,19.9%,21.5%,25.0%,19.9%
372,"As per the RBI’s Financial Stability Report (June 2025), what was India’s Gross Non-Performing Assets (GNPA) ratio at the end of March 2025?",3.8%,3.0%,2.6%,2.3%,2.0%,2.3%
373,Recently SEBI proposed flexibility in which two key norms for companies aspiring to list?,FDI & FPI Norms,CRR & SLR Norms,MPS & MPO Norms,GST & Income Tax Norms,FDI & ECB Norms,MPS & MPO Norms
374,"The Cabinet Committee on Economic Affairs approved construction of a 6- Lane Capital Region Ring Road (Bhubaneswar Bypass) in which state at a cost of ₹8,307.74 crore?",Karnataka,Odisha,West Bengal,Andhra Pradesh,Jharkhand,Odisha
375,The Federation of Associations in Indian Tourism and Hospitality (FAITH) recently unveiled its ‘Tourism Vision 2047’. What is the targeted size of India’s tourism economy by 2047 under this roadmap?,USD 1 trillion,USD 1.5 trillion,USD 2 trillion,USD 3 trillion,USD 4 trillion,USD 3 trillion
376,Which railway unit has commissioned India’s first removable solar panel system installed between railway tracks?,"Integral Coach Factory (ICF), Chennai","Chittaranjan Locomotive Works (CLW), West Bengal","Banaras Locomotive Works (BLW), Varanasi","Modern Coach Factory (MCF), Raebareli","Rail Coach Factory (RCF), Kapurthala","Banaras Locomotive Works (BLW), Varanasi"
377,Which institute has developed a silicon photonics-based Quantum Random Number Generator (QRNG)?,IIT Bombay,IIT Delhi,IIT Madras,IISc Bengaluru,DRDO,IIT Madras
378,Where was the six-day Indian film festival recently inaugurated in Sri Lanka?,Colombo,Kandy,Trincomalee campus of Eastern University,Jaffna,None of these,Trincomalee campus of Eastern University
379,Stand-Up India Scheme was launched in which year?,2014,2015,2016,2017,2019,2016
380,"Which ministry, in collaboration with the Ministry of External Affairs, organized a two-week International Certificate program on “Heritage and Indigenous Textiles” under the ITEC Programme?",Ministry of Culture,Ministry of Commerce & Industry,Ministry of Textiles,Ministry of Tourism,Ministry of Education,Ministry of Textiles
381,"According to Brand Finance Football 50–2025 report, which club has been ranked as the world’s most valuable football club?",FC Barcelona,Real Madrid,Manchester City,Bayern Munich,Paris Saint-Germain,Real Madrid
382,What is the name of the new scheme launched by West Bengal CM Mamata Banerjee for migrant workers facing harassment?,Swasthya Sathi,Shramshree,Karmajyoti,Utsah,Shramik Bandhu,Shramshree
383,Who was crowned Miss Universe India 2025 at a glittering event held in Jaipur?,Tanya Sharma,Manika Vishwakarma,Mehak Dhingra,Amishi Kaushik,Rhea Singha,Manika Vishwakarma
384,By which year has the Government of India announced that an Indian astronaut will step on the Moon?,2027,2035,2040,2047,2050,2040
385,Which organisation launched a new Medical Application Portal for ISO 15189:2022 applicant laboratories to enhance transparency and efficiency in the accreditation process?,Indian Council of Medical Research (ICMR),National Accreditation Board for Testing and Calibration Laboratories (NABL),Bureau of Indian Standards (BIS),National Board of Examinations (NBE),NITI Aayog,National Accreditation Board for Testing and Calibration Laboratories (NABL)
386,"As per the Cabinet approval, what is the estimated cost of the Green Field Airport at Kota-Bundi (Rajasthan)?",₹1200 crore,₹1507 crore,₹2000 crore,₹2500 crore,₹3500 crore,₹1507 crore
387,Which airport has launched the world’s first AI-powered passenger corridor under the “Travel without Borders” initiative?,Singapore Changi Airport,London Heathrow Airport,"Hamad International Airport, Doha",Dubai International Airport (DXB),Hong Kong International Airport,Dubai International Airport (DXB)
388,Which of the following countries was not among the top 5 sources of Foreign Tourist Arrivals (FTAs) in India in the last 5 years?,United States,Bangladesh,United Kingdom,Australia,France,France
389,"Njattyela Sreedharan, who recently passed away, was best known for his work in which field?",Classical Dance,Linguistics,Ayurveda,Carnatic Music,Archaeology,Linguistics
390,"Indian Akshay Urja Day, observed on 20 August every year, is dedicated to which theme?",Energy Conservation,Renewable Energy,Nuclear Power,Fossil Fuel Usage,Electric Mobility,Renewable Energy
391,Which two companies have partnered to launch the affordable health insurance plan ‘Suraksha Sankalp’?,HDFC ERGO & Paytm,ICICI Lombard & Google Pay,SBI General & Amazon Pay,HDFC ERGO & PhonePe,Bajaj Allianz & PhonePe,HDFC ERGO & PhonePe
392,"During FY 2024–25, NABARD and NCDC together infused more than Rs 42,000 crore into cooperative banks. Which state was the top beneficiary of NABARD disbursements?",Odisha,Karnataka,Madhya Pradesh,Tamil Nadu,Rajasthan,Madhya Pradesh
393,India Exim Bank recently signed a $40 million credit line agreement with which bank?,African Development Bank (AfDB),World Bank,ECOWAS Bank for Investment and Development (EBID),Asian Development Bank (ADB),IMF,ECOWAS Bank for Investment and Development (EBID)
394,Which Public Sector Bank became the first in India to migrate its corporate website to the secure ‘.bank.in’ domain?,State Bank of India (SBI),Punjab National Bank (PNB),Bank of Baroda (BoB),Union Bank of India,Canara Bank,Punjab National Bank (PNB)
395,"Which institute, recently declared India’s Best Ayurvedic Institution by NCISM, is the first Deemed University in the Ayush sector?","All India Institute of Ayurveda, New Delhi","Kerala Ayurveda Academy, Kochi","Gujarat Ayurved University, Jamnagar","Banaras Hindu University, Varanasi","National Institute of Ayurveda, Jaipur","National Institute of Ayurveda, Jaipur"
396,How many LCA Tejas Mark 1A fighter jets were approved for procurement by the Cabinet Committee on Security (CCS) in 2025?,73,83,97,110,150,97
397,The Centre has implemented the “Anna-Chakra” Supply Chain Tool in 30 States/UTs to optimise which system?,National Food Security Mission,Public Distribution System (PDS),Pradhan Mantri Fasal Bima Yojana,National Rural Employment Guarantee Scheme,Mid-Day Meal Scheme,Public Distribution System (PDS)
398,IndianOil recently signed an MoU with which airline for the supply of Sustainable Aviation Fuel (SAF)?,IndiGo,AirAsia India,Air India,Vistara,SpiceJet,Air India
399,"Who launched the Press Sewa Portal, a single-window digital platform to simplify newspaper and periodical registration, at the ‘Vartalap’ workshop in Hyderabad?",Ministry of Information & Broadcasting,Press Registrar General of India Yogesh Baweja,PIB Director General,Union Minister of Information & Broadcasting,"Chief Information Officer, Hyderabad",Press Registrar General of India Yogesh Baweja
400,"India’s first Hydrogen-powered train, developed under the “Hydrogen for Heritage” initiative, is slated for trial runs on which route?",Chennai – Bengaluru,Mettupalayam – Ooty,Shimla – Kalka,Delhi – Agra,Jind – Sonipat,Jind – Sonipat
401,"The recently proposed bills suggest that the Prime Minister, Chief Ministers, Union Ministers, and State Ministers must automatically lose their positions if they are arrested and held in judicial custody for how many consecutive days on charges of serious crimes?",15 days,30 days,45 days,60 days,90 days,30 days
402,What is the payload capacity of ISRO’s upcoming Next Generation Launch Vehicle (NGLV) into Low Earth Orbit (LEO)?,"25,000 kg","40,000 kg","50,000 kg","75,000 kg","1,00,000 kg","75,000 kg"
403,"Karnataka’s flagship Shakti Scheme, which recently entered the Golden Book of World Records, was launched in which year?",2022,2023,2024,2025,2020,2023
404,"As per government data, what is the NPA percentage on outstanding Mudra loans under PMMY as of March 2025?",5.47%,7.21%,9.81%,3.6%,4.81%,9.81%
405,Till which date has the Ministry of Finance suspended the 11% import duty on cotton in 2025?,30 August,30 September,15 October,31 December,31 March,30 September
406,"TCL, a global technology company, has appointed which freestyle skier as its global brand ambassador ahead of the 2026 Milano Cortina Winter Olympics?",Eileen Gu,Chloe Kim,Mikaela Shiffrin,Lindsey Vonn,Karen Persyn,Eileen Gu
407,The Ministry of Defence is hosting the first Tri-Services Seminar “Ran Samwad” at which location to discuss Technology and Future Warfare?,"Indian Military Academy, Dehradun","College of Defence Management, Secunderabad","Army War College, Mhow","National Defence Academy, Pune","Military College of Electronics and Mechanical Engineering, Secunderabad","Army War College, Mhow"
408,What is the revised coal & lignite-based thermal power capacity addition target set by the Government of India for FY35?,80 GW,90 GW,97 GW,100 GW,110 GW,97 GW
409,"The Kamaladevi Chattopadhyay NIF Book Prize, recently longlisted for 2025, was instituted in which year?",2016,2017,2018,2019,2020,2018
410,"Which bill, passed by the Lok Sabha on 20th August 2025, seeks to promote e- sports and skill-based social games while completely banning harmful online money gaming services?","Online Gaming (Regulation & Prohibition) Bill, 2025","Promotion and Regulation of Online Gaming Bill, 2025","Digital Gaming & Safety Bill, 2025","Safe Internet & Gaming Act, 2025","E-Sports Development and Prohibition of Gambling Bill, 2025","Promotion and Regulation of Online Gaming Bill, 2025"
411,Sadbhavana Diwas or Communal Harmony Day is observed on 20 August to commemorate the birth anniversary of which Indian Prime Minister?,Indira Gandhi,Rajiv Gandhi,Atal Bihari Vajpayee,Jawaharlal Nehru,Manmohan Singh,Rajiv Gandhi
412,Which satellite-based internet provider has been onboarded by UIDAI to use Aadhaar Authentication for customer verification?,OneWeb,Starlink Satellite Communication Pvt Ltd,HughesNet,Viasat,BSNL Satellite,Starlink Satellite Communication Pvt Ltd
413,"Recently, AU Small Finance Bank launched UPI services for NRE/NRO account holders using international mobile numbers. How many countries’ NRIs can benefit from this feature?",8 countries,10 countries,12 countries,15 countries,20 countries,12 countries
414,"According to the latest report by SBI Economic Research Department, which bank emerged as the top beneficiary bank in UPI transactions?",State Bank of India (SBI),HDFC Bank,ICICI Bank,Yes Bank Limited,Punjab National Bank (PNB),Yes Bank Limited
415,Which authority has introduced a new framework to onboard Cooperative Banks and enable Aadhaar-based authentication services in India?,RBI,SEBI,UIDAI,NABARD,Ministry of Finance,UIDAI
416,"Which city recently saw the opening of three Niveshak Seva Kendras by IEPFA in collaboration with SEBI, CDSL, NSDL, BSE, and NSE?",Mumbai,Delhi,Chennai,Bengaluru,Hyderabad,Hyderabad
417,"Mahesh Babu Foundation, which recently got FCRA approval, is primarily involved in which of the following areas?",Wildlife Conservation,Heart surgeries & child healthcare,Agricultural Development,Space Research & Innovation,Disaster Relief & Management,Heart surgeries & child healthcare
418,"Which city has launched the “One Freezone Passport”, a unified licensing system enabling companies to operate across all its free zones under a single license?",Dubai,Riyadh,Abu Dhabi,Doha,Muscat,Dubai
419,India Post recently launched IT 2.0 – Advanced Postal Technology (APT). Which cloud platform does it run on?,Bharat Cloud,MeghRaj 2.0 Cloud,DigiCloud,National Data Grid,Udaan Cloud,MeghRaj 2.0 Cloud
420,Rayansh Gupta from Ludhiana recently won 1 Gold and 1 Silver medal for India at the 18th International Earth Science Olympiad (IESO 2025). Where was the event held?,"Tokyo, Japan","Jining, China","Seoul, South Korea","New Delhi, India","Paris, France","Jining, China"
421,"Which country has been declared free of rubella as a public health problem by the World Health Organization (WHO) on August 18, 2025?",India,Sri Lanka,Nepal,Bhutan,Bangladesh,Nepal
422,India recently signed a Terms of Reference (ToR) for FTA negotiations with which regional economic bloc?,ASEAN,European Union,Eurasian Economic Union (EAEU),BRICS Economic Forum,SAARC Economic Alliance,Eurasian Economic Union (EAEU)
423,Exercise Ulchi Freedom Shield is a joint military exercise conducted annually by which two countries?,South Korea & United States,North Korea & China,Japan & United States,India & United States,South Korea & Japan,South Korea & United States
424,"Parliament recently passed the Indian Institutes of Management (Amendment) Bill, 2025. Where will the new IIM be established?",Shillong,Guwahati,Imphal,Itanagar,Kohima,Guwahati
425,"Which ministry/department is leading the “Made in India Label Scheme”, a voluntary certification initiative to establish a trustworthy identity for Indian products?",Ministry of Commerce and Industry,Department for Promotion of Industry and Internal Trade (DPIIT),Ministry of MSME,NITI Aayog,Ministry of Consumer Affairs,Department for Promotion of Industry and Internal Trade (DPIIT)
426,Which footballer has become the first man to win the Professional Footballers’ Association (PFA) Player of the Year award three times?,Kevin De Bruyne,Erling Haaland,Cristiano Ronaldo,Harry Kane,Mohamed Salah,Mohamed Salah
427,"Which global campaign, endorsed by the African Union, aims to replace the Mercator projection map with one showing Africa’s true size?",Map Equality Campaign,Correct The Map,Africa First Initiative,True Size Project,Equal Continent Movement,Correct The Map
428,"Which state assembly recently cleared amendments to the UCC and Anti- Conversion Bills, along with passing a new Minority Education Law in 2025?",Uttar Pradesh,Gujarat,Uttarakhand,Madhya Pradesh,RajastLhan,Uttarakhand
429,"Recently, five crucial departments of South-Central Railway (SCR) came under the leadership of women officers. Which of the following is NOT one of those departments?",Operations,Security,Finance,Engineering,Medical,Engineering
430,India recently test-fired the long-range ballistic missile Agni-5. What is its maximum strike range?,"2,000 km","3,500 km","5,000 km","7,500 km","10,000 km","5,000 km"
431,What is the New Product launched by South Indian Bank ?,SIB Home Xpress,SIB Business Xpress,SIB Gold Xpress,SIB Loan Smart,SIB Credit Plus,SIB Gold Xpress
432,Which company became the first to file for IPO at GIFT IFSC targeting $12 million?,Kotak Mahindra Bank Ltd,Hindustan Oil Exploration Ltd,XED Executive Development Ltd,JSW Group,ICICI Securities,XED Executive Development Ltd
433,Employees’ Provident Fund Organization (EPFO) recently increased the ex- gratia benefit under its Death Relief Fund for Central Board employees to what amount?,₹10 lakh,₹12 lakh,₹15 lakh,₹20 lakh,₹8.80 lakh,₹15 lakh
434,WestBridge Capital acquired 15% stake in which AMC for ₹450 crore?,HDFC AMC,ICICI Prudential AMC,Edelweiss AMC,Nippon India AMC,SBI Mutual Fund,HDFC AMC
435,Which ride-hailing platform was recently penalized by the Central Consumer Protection Authority (CCPA) for publishing misleading advertisements and engaging in unfair trade practices?,Ola,Uber,Rapido,Meru Cabs,InDrive,Rapido
436,Which of the following regions in India is NOT recognized as a GIAHS site by FAO?,Koraput (Odisha),Kuttanad (Kerala),Saffron Heritage (Kashmir),Sundarbans (West Bengal),None of the above,Sundarbans (West Bengal)
437,"Recently, simultaneous translation of parliamentary proceedings has been made available in how many languages of the Eighth Schedule of the Constitution?",18,20,21,22,25,22
438,Engineers India Limited (EIL) recently signed an agreement with NPCIL for the development of which type of nuclear technology?,Fast Breeder Reactors,Pressurized Heavy Water Reactors,Bharat Small Modular Reactors (BSMRs),Fusion Reactors,Thorium-based Reactors,Bharat Small Modular Reactors (BSMRs)
439,Who have been appointed as observers for the upcoming 17th Vice- Presidential Election of India 2025?,Sushil Kumar Lohani and D. Anandan,CP Radhakrishnan and B Sudershan Reddy,Rajnath Singh and Nirmala Sitharaman,Amit Shah and Piyush Goyal,Venkaiah Naidu and M. Venkaiah,Sushil Kumar Lohani and D. Anandan
440,What recent change has the National Tiger Conservation Authority (NTCA) made regarding tiger corridors?,Expanded the definition to include all forest areas,Restricted the definition to the 32 “least cost pathways” from its 2014 report,Declared all tiger habitats as protected zones,Allowed unrestricted industrial development in tiger corridors,Merged tiger corridors with national highways planning,Restricted the definition to the 32 “least cost pathways” from its 2014 report
441,India secured which position at the International Olympiad in Artificial Intelligence (IOAI) 2025 on its debut?,1st,2nd,3rd,5th,10th,3rd
442,NASA recently introduced the ‘Surya Heliophysics Foundational Model (Surya)’. What is its primary purpose?,Study of Exoplanets,Asteroid Mining Research,Human Spaceflight Simulation,Forecasting Space Weather,Deep Ocean Exploration,Forecasting Space Weather
443,What is the target for India-Russia bilateral trade by 2030?,$50 billion,$75 billion,$100 billion,$150 billion,$200 billion,$100 billion
444,"Which Indian city is set to host three major international sports events in 2025, including the Commonwealth Weightlifting Championship, Asian Aquatics Championship, and AFC U-17 Asian Cup Qualifiers?",New Delhi,Mumbai,Bengaluru,Ahmedabad,Hyderabad,Ahmedabad
445,What is the new renewal fee for imported four-wheeler vehicles older than 20 years?,"₹20,000","₹50,000","₹80,000","₹1,00,000","₹1,50,000","₹80,000"
446,"Recently, who among the following pledged to donate their organs at Army Hospital (Research & Referral), giving a boost to the Armed Forces Organ Retrieval & Transplantation Authority (AORTA)?",General Anil Chauhan (CDS),Lt. Gen. (Retd.) Raj Shukla,Admiral Dinesh Tripathi & Mrs. Tripathi,Air Chief Marshal VR Chaudhari & Mrs. Chaudhari,General Upendra Dwivedi (COAS) & Mrs. Sunita Dwivedi,General Upendra Dwivedi (COAS) & Mrs. Sunita Dwivedi
447,Who is the author of the book ‘Justice Denied Justice Lost’ that discusses the judiciary and the Soumitra Sen case?,Arundhati Roy,Kanchan Chakraborty,Ramachandra Guha,Barkha Dutt,Shashi Tharoor,Kanchan Chakraborty
448,What is the purpose of Exercise Samanvay Shakti 2025 inaugurated in Assam?,To conduct joint naval drills,To foster military-civil integration and coordinated regional response,To test new missile systems,To promote international military cooperation,To organize adventure sports for civilians,To foster military-civil integration and coordinated regional response
449,Where will the 28th National Conference on e-Governance (NCeG) 2025 be held?,"Vishakhapatnam, Andhra Pradesh","Bengaluru, Karnataka",New Delhi,"Jaipur, Rajasthan","Bhopal, Madhya Pradesh","Vishakhapatnam, Andhra Pradesh"
450,"British-Indian industrialist Lord Swraj Paul, who recently passed away, was the founder of which multinational company?",OneWeb,Starlink Satellite Communication Pvt Ltd,HughesNet,Viasat,BSNL Satellite,Starlink Satellite Communication Pvt Ltd
451,"Recently, RBI announced premature redemption of 28 SGBs. What is the fixed repurchase price set by RBI?","₹8,750 per unit","₹9,500 per unit","₹10,070 per unit","₹10,500 per unit","₹11,000 per unit","₹10,070 per unit"
452,Japan International Cooperation Agency (JICA) recently invested USD 40 million in which fund?,Global MSME Growth Fund,Asia–Africa Trade Boost Fund,Global Supply Chain Support Fund,Emerging Markets SME Fund,Development & Innovation Fund,Global Supply Chain Support Fund
453,Who has been appointed as the Chairperson of Payments Council of India (PCI) for the 2025–2027 term?,Vishwas Patel,M N Srinivasu,Nalin Bansal,Ramesh Sobti,Rajesh Kumar,Nalin Bansal
454,OpenAI will open its first India office in which city?,New Delhi,Hyderabad,Bengaluru,Mumbai,Chennai,New Delhi
455,Until which year has the government extended the Fortified Rice Scheme to combat micronutrient deficiencies in India?,2025,2026,2027,2028,2030,2028
456,ISRO recently conducted its first Integrated Air Drop Test (IADT-01) for which Gaganyaan system?,Launch Vehicle Mark-3,Crew Escape System,Parachute-based deceleration system,Vyommitra robot deployment system,Low Earth Orbit stabilization system,Parachute-based deceleration system
457,Which Indian energy sector company has become the first to join the Renewable Energy 100 (RE100) Initiative?,NTPC Limited,Adani Green Energy,Tata Power,Suzlon Group,ReNew Power,Suzlon Group
458,"Recently, Adani Group announced the construction of a ₹600-crore logistics park in which state?",Gujarat,Maharashtra,Kerala,Tamil Nadu,Andhra Pradesh,Kerala
459,Kreditanstalt für Wiederaufbau (KfW) recently extended EUR 150 million to which Indian PSU?,Rural Electrification Corporation (REC),National Thermal Power Corporation (NTPC),Power Finance Corporation Limited (PFC),Indian Renewable Energy Development Agency (IREDA),Energy Efficiency Services Limited (EESL),Power Finance Corporation Limited (PFC)
460,Which Indian state has been declared the first fully digitally literate state in India?,Tamil Nadu,Karnataka,Gujarat,Maharashtra,Kerala,Kerala
461,The Delhi Government recently launched the ‘Government on Wheels’ campaign. What is its main objective?,Digitalisation of government offices,On-site problem-solving across departments,Launch of new public transport routes,Monitoring pollution levels in Delhi,Promoting e-governance services,On-site problem-solving across departments
462,How many chip-design projects has the Government of India sanctioned under the Design Linked Incentive (DLI) Scheme to boost semiconductor design capabilities?,12,18,23,30,35,23
463,"The new Income-Tax Act, 2025 will come into effect from which date?",1 April 2025,21 August 2025,1 April 2026,1 January 2026,1 July 2026,1 April 2026
464,India’s first urban public transport ropeway is being trialed in which city?,Varanasi,Mumbai,Delhi,Jaipur,Lucknow,Varanasi
465,Which new bridge did PM Modi inaugurate in Bihar to improve connectivity over the Ganga?,Mahatma Gandhi Setu,Aunta-Simaria Bridge,Vikramshila Setu,Rajendra Setu,Digha-Sonpur Bridge,Aunta-Simaria Bridge
466,"Recently, the government approved ₹6,982 crore as additional capex support in 2025 for which telecom company?",Airtel,Jio,Vodafone Idea,BSNL,MTNL,BSNL
467,Who has been appointed as the President of the Boxing Federation of India (BFI) for a third consecutive term?,Pramod Kumar,Pon Baskaran,Ajay Singh,Abhinav Bindra,Rajesh Tyagi,Ajay Singh
468,IIT Madras recently launched the FedEx SMART Centre in collaboration with which company?,UPS (United Parcel Service),DHL Express,Federal Express Corporation (FedEx),Blue Dart Express,Amazon Transportation Services,Federal Express Corporation (FedEx)
469,"Recently, INS Kadmatt completed a 3-day port call to strengthen naval cooperation. Which country was it?",Sri Lanka,Indonesia,Malaysia,Vietnam,Thailand,Indonesia
470,"The Marbat Festival, recently in news, is celebrated in which Indian city?",Pune,Nagpur,Indore,Raipur,Nashik,Nagpur
471,What was the primary objective of Iran’s “Sustainable Power 1404” missile drills in the Gulf of Oman?,To promote international maritime trade,"To improve combat readiness, command systems, and deterrence",To conduct joint drills with India,To explore undersea resources,To test nuclear weapons,"To improve combat readiness, command systems, and deterrence"
472,Raksha Mantri Shri Rajnath Singh recently interacted with women officers from 15 countries during which event in New Delhi?,UN Women in Defence Summit,UN Women Military Officers Course (UNWMOC-2025),International Women Peacekeepers Meet,Global Women Leadership Forum,Women in Armed Forces Seminar,UN Women Military Officers Course (UNWMOC-2025)
473,"As per SEBI’s recent approval, what will be the maximum voting rights of LIC in IDBI Bank after its reclassification as a public shareholder?",5%,10%,15%,20%,25%,10%
474,Who has been appointed as the Chairman of the reconstituted Advisory Board for Banking and Financial Frauds (ABBF) in August 2025?,Rajni Kant Mishra,Alok Kumar Choudhary,Suresh N. Patel,Sarada Kumar Hota,Ravikant,Suresh N. Patel
475,"Recently, which bank (after SBI) has classified Reliance Communications’ loan account and Anil Ambani as ‘fraud’?",Punjab National Bank,Bank of Baroda,Bank of India,Canara Bank,Indian Bank,Bank of India
476,RBI has approved which Japanese bank to acquire up to 24.99% stake in Yes Bank?,Mizuho Bank,MUFG Bank,Sumitomo Mitsui Banking Corporation (SMBC),Japan Post Bank,Resona Holdings,Sumitomo Mitsui Banking Corporation (SMBC)
477,ISRO recently unveiled a model of the Bharatiya Antariksh Station (BAS). By which year is India planning to launch its first module?,2026,2028,2030,2032,2035,2028
478,Who is chairing the two newly constituted High-Powered Groups (HPGs) set up by the Government of India in 2025?,Amit Shah,Rajiv Gauba,Rajnath Singh,TVS Swaminathan,N.K. Singh E. N.K. Singh / ए न. क े. ,Rajiv Gauba
479,"Recently, which country officially joined the India-led International Big Cat Alliance (IBCA) to protect seven species of big cats?",Nepal,Bhutan,Sri Lanka,Bangladesh,Myanmar,Nepal
480,Which countries will co-host the 2027 ODI World Cup?,"South Africa, Australia, New Zealand","South Africa, Namibia, Zimbabwe","India, Sri Lanka, Bangladesh","England, Ireland, Scotland","Pakistan, UAE, Oman","South Africa, Namibia, Zimbabwe"
481,Government e-Marketplace (GeM) recently crossed which milestone in Gross Merchandise Value (GMV)?,₹5 Lakh Crore,₹10 Lakh Crore,₹12 Lakh Crore,₹15 Lakh Crore,₹20 Lakh Crore,₹15 Lakh Crore
482,Where did the first World Humanoid Robot Games take place in 2025?,"Tokyo, Japan","Seoul, South Korea","Beijing, China",Singapore,"New Delhi, India","Beijing, China"
483,What is the purpose of Operation Sanskar launched by Dungarpur Police in Rajasthan?,To curb cyber frauds,To counter glorification of criminal activities on social media,To tackle drug smuggling,To control communal violence,To prevent human trafficking,To counter glorification of criminal activities on social media
484,Which Indian Test specialist announced his retirement from all forms of cricket in 2025?,Ajinkya Rahane,Rohit Sharma,Virat Kohli,Shikhar Dhawan,Cheteshwar Pujara,Cheteshwar Pujara
485,The International Solar Alliance (ISA) will establish a Global Capability Centre (GCC) in Indi,What is its envisioned role? A. Training astronauts for space missions,Functioning as a hub connecting centres of excellence worldwide,Developing nuclear fusion technology,Manufacturing satellites for renewable energy mapping,Expanding India’s deep-sea mineral exploration,Functioning as a hub connecting centres of excellence worldwide
486,Where will the 14th edition of the India–Thailand Joint Bilateral Military Exercise MAITREE (2025) be conducted?,"Umroi, Meghalaya","Jaisalmer, Rajasthan","Fort Vachiraprakan, Thailand","Chiang Mai, Thailand","Pune, Maharashtra / प ुण े, म ह ा र ा ष्ट्र","Umroi, Meghalaya"
487,"Who is the author of the books ‘Ramayana Katha ki Vishva-Yatra’, ‘Hamari Sanskritik Rashtriyata’, and ‘Purvajon ki Punya-Bhoomi’?",Dr. Ramesh Pokhriyal Nishank,Dr. K. Sivan,Dr. Bibek Debroy,Dr. Subramanian Swamy,Dr. Vinod Kumar Tiwari,Dr. Vinod Kumar Tiwari
488,The Indian government has granted clearance for acquisition of six advanced submarines under which project?,Project 75 Alpha,Project 75 India,Project 76 India,Project Varuna,Project Samudra,Project 75 India
489,Which state government recently approved a ₹600 crore project with Nelco Limited (Tata Power subsidiary) to develop skill education centres under the Samagra Shiksha Axom (SSA) framework?,Gujarat,Assam,Maharashtra,Karnataka,Odisha,Assam
490,Who has been appointed as the Head Coach of Pretoria Capitals for the SA20 2026 season?,Ricky Ponting,Jonathan Trott,Sourav Ganguly,Gary Kirsten,Jacques Kallis,Sourav Ganguly
491,Who has been appointed as the new Deputy National Security Adviser (NSA) to handle internal affairs?,Ajit Doval,Anish Dayal Singh,Rajiv Jain,Samant Kumar Goel,Arvind Kumar,Anish Dayal Singh
492,Which state topped the Khelo India Water Sports Festival 2025 medal tally held in Srinagar?,Odisha,Kerala,Punjab,Uttar Pradesh,Madhya Pradesh,Madhya Pradesh
493,Who has been appointed as the Vice President & Chief Risk Officer (CRO) of the New Development Bank (NDB)?,Urjit Patel,Rajiv Ranjan,Raghuram Rajan,Shaktikanta Das,Dilma Rousseff,Rajiv Ranjan
494,"As of August 21, 2025, the total gross enrolments under Atal Pension Yojana (APY) have crossed which milestone?",5.25 crore,6.40 crore,7.50 crore,8.11 crore,9.25 crore,8.11 crore
495,Which global rating agency recently retained India’s sovereign credit rating at ‘BBB-’ with a Stable Outlook?,S&P Global,Moody’s,Fitch Ratings,Morningstar DBRS,CRISIL,Fitch Ratings
496,"As per SBI Research’s latest Ecowrap report, what is the estimated GDP growth of India in Q1 (April–June) of FY26?",6.8%–7.0%,6.5%,6.3%,7.2%,7.5%,6.8%–7.0%
497,"What is India’s women’s employment rate (WPR) in 2023–24, as per Labour Ministry data? L",22%,34.5%,40.3%,47.53%,55%,40.3%
498,Where did the bilateral meeting between the Foreign Ministers of India and China take place in 2025?,"Beijing, China","New Delhi, India","Shanghai, China","Mumbai, India","Tianjin, China","New Delhi, India"
499,"Which city hosted the 18th edition of the International Olympiad on Astronomy and Astrophysics (IOAA 2025), the first time India organised the event?",Bengaluru,Kolkata,New Delhi,Mumbai,Hyderabad,Mumbai
500,Which initiative was launched by the Delhi Cantonment Board under the Ministry of Defence to support the education and welfare of children of construction workers?,Project Aarohan,Aarambh,Project Shiksha,Bal Vikas Kendra,Gyan Deep,Aarambh
501,"Who has been appointed as the new CEO of Tata Digital, effective September 1, 2025?",Naveen Tahilyani,Sajith Sivanandan,Ajay Piramal,Sanjiv Mehta,Ratan Tata,Sajith Sivanandan
502,"Which organization signed an MoU with the Karnataka Agriculture Department to provide tech-driven, real-time advisory services to farmers?",Infosys,Wipro,NASSCOM,ISRO,Bharat Electronics Limited (BEL),Bharat Electronics Limited (BEL)
503,"Recently, the Central Industrial Security Force (CISF) launched its first all- women commando unit. Where did the training of the first batch begin?","Barwaha, Madhya Pradesh",Hyderabad,"Gwalior, Madhya Pradesh","Pune, Maharashtra",Delhi,"Barwaha, Madhya Pradesh"
504,Why has the Department of Posts temporarily suspended booking of most postal items to the USA from 25th August 2025?,Due to closure of postal services in the USA,Due to Executive Order removing duty-free exemption for goods above USD 800,Due to strike by postal workers in India,Due to weather disruptions affecting flights,Due to increase in postal rates,Due to Executive Order removing duty-free exemption for goods above USD 800
505,Which state government has announced ₹1 crore insurance cover for municipal staff in case of accidental death?,Telangana,Andhra Pradesh,Karnataka,Tamil Nadu,Kerala,Andhra Pradesh
506,India and Fiji recently agreed to strengthen cooperation in which of the following sectors?,Defence and Health,Trade and Agriculture,Maritime Security,All of the above,Only Defence,All of the above
507,Which initiative did NHAI launch in collaboration with Vertis Infrastructure Trust to support the education of toll plaza employees’ children?,Project Udaan,Project Prerna,Project Shiksha,Project Gyan,Project Aarohan,Project Aarohan
508,Which institution recently hosted the launch of MARa-THON 2025 – India’s Maritime Hackathon?,IIT Delhi,IIT Madras,IIT Bombay,IIT Kharagpur,IIT Kanpur,IIT Madras
509,What is the revenue target set for IREDA in FY26 under the MoU with MNRE?,"₹5,957 crore","₹6,743.32 crore","₹7,960 crore","₹8,200 crore","₹11,740 crore","₹8,200 crore"
510,When is World Lake Day observed?,5 June,27 August,22 March,8 June,11 December,27 August
511,NaBFID is planning to raise up to how much from international markets in FY26?,$500 million,$750 million,$5 billion,$2 billion,$1 billion,$1 billion
512,Which electric vehicle company partnered with the State Bank of India (SBI) to provide financing solutions for its customers in India?,Tesla,VinFast Auto India,BYD,Mahindra Electric,Ola Electric,VinFast Auto India
513,"Which global investment banking firm has been appointed as the sole transaction advisor for the stake sale in four Indian public sector banks (UCO Bank, Central Bank of India, Punjab & Sind Bank, and Indian Overseas Bank)?",Morgan Stanley,JP Morgan,Citigroup,Goldman Sachs,Barclays,Goldman Sachs
514,RBI has recently asked banks to increase scrutiny on funds flowing indirectly from which country due to high-risk concerns?,China,Pakistan,Afghanistan,Sri Lanka,Bangladesh,Pakistan
515,"Which country launched Ryt Bank, the world’s first Artificial Intelligence (AI)-powered bank developed for local users?",Singapore,Malaysia,India,Japan,South Korea,Malaysia
516,Indian weightlifter Mirabai Chanu won gold in the women’s 48kg category at the Commonwealth Weightlifting Championships 2025 held in which Indian city?,New Delhi,Chennai,Ahmedabad,Patna,Pune,Ahmedabad
517,The Central Government has revised wheat stock limits applicable till which date?,31st March 2025,31st December 2025,31st March 2026,30th June 2026,31st March 2027,31st March 2026
518,How many teachers have been selected for the National Teachers’ Awards 2025 conferred on 5th September 2025?,35,40,42,45,55,45
519,"Which premier telecom R&D centre of India celebrated its 42nd Foundation Day in Delhi in 2025, marking 41 years since its founding?",DRDO,ISRO,C-DOT,BEL,BARC,C-DOT
520,Till which year has the Union Cabinet extended the PM SVANidhi Scheme after restructuring?,2025,2026,2027,2030,2035,2030
521,Who will lead the Indian Parliamentary Delegation at the 68th Commonwealth Parliamentary Conference (CPC) in Barbados (October 2025)?,Rajnath Singh,Om Birla,Harivansh,Jagdeep Dhankhar,Nirmala Sitharaman,Om Birla
522,Who has been elected as the new Prime Minister of Lithuania in 2025?,Gintautas Paluckas,Inga Ruginiene,Gitanas Nausėda,Dalia Grybauskaitė,Jonas Savickas,Inga Ruginiene
523,"Which country, along with the United States and allied nations, is hosting the multinational military exercise Super Garuda Shield 2025?",Philippines,Japan,Indonesia,South Korea,Singapore,Indonesia
524,Scientists from which Indian research institute have developed a new method using gold nanoclusters to enable early detection of Parkinson’s disease?,INST Mohali,CSIR-NCL Pune,IISc Bengaluru,AIIMS New Delhi,TIFR Mumbai,TIFR Mumbai
525,The Supreme Court formed a Special Investigation Team (SIT) to probe allegations against which wildlife facility?,Nandankanan Zoological Park,Vantara Wildlife Facility,Bannerghatta Biological Park,Arignar Anna Zoological Park,Gir National Park,Vantara Wildlife Facility
526,Where will the Chess World Cup 2025 be hosted?,Hyderabad,Tbilisi,Goa,Chennai,Moscow,Goa
527,"Which city in Tamil Nadu became the first to adopt the globally recognized City Biodiversity Index (CBI) framework, also known as the Singapore Index?",Coimbatore,Madurai,Salem,Tiruchirappalli,Chennai,Chennai
528,"Bimalendra Mohan Pratap Mishra, popularly known as ‘Raja Ayodhya’, who passed away recently, held which significant role related to the Shri Ram Janmabhoomi site?",Chief Priest of Ram Janmabhoomi,Member of Shri Ram Janmabhoomi Teerth Kshetra Trust,Head of Ayodhya Municipal Corporation,Legal Advisor for Ram Janmabhoomi Trust,President of Ram Katha Samiti,Member of Shri Ram Janmabhoomi Teerth Kshetra Trust
529,PM Modi flagged off Maruti Suzuki’s first global strategic battery electric vehicle (BEV) e-VITARA from which Indian city?,Hansalpur (Ahmedabad),Gurugram,Pune,Bengaluru,Chennai,Hansalpur (Ahmedabad)
530,"From 2025 onwards, Ayurveda Day in India will be observed on a fixed date every year. What is this date?",23 September,24 September,25 September,26 September,27 September,23 September
