Q#,Question,Option1,Option2,Option3,Option4,Option5,Answer
1,What is the name of India’s first domestic Protection and Indemnity (P&I) insurance entity being set up?,Bharat Marine Club,India Shipping Assurance,India Club,Maritime Security Corporation,Coastal Care Alliance,India Club
2,Who inaugurated the 435 MW Gorbea Solar Power Project developed by Zelestra India in Rajasthan?,Shri Hardeep Singh Puri,Shri R. K. Singh,Shri Pralhad Joshi,Shri Ashwini Vaishnaw,Shri Dharmendra Pradhan,Shri Pralhad Joshi
3,"According to the World Bank, what is India's global rank among the world's most equal societies based on the Gini Index?",1st,2nd,3rd,4th,5th,4th
4,Who has been appointed as the Deputy Chief Information Security Officer (CISO) at State Bank of India (SBI) in 2025?,Rekha Menon,Ramesh Lakshminarayanan,Shalini Warrier,Ramesh Narayanan,Babitha B P,Babitha B P
5,Which Indian ministry has launched a campaign to display nutritional information about popular snacks to raise awareness about hidden sugars and fats?,Ministry of Food Processing Industries,Ministry of Education,Ministry of Health and Family Welfare,Ministry of Consumer Affairs,Ministry of AYUSH,Ministry of Health and Family Welfare
6,Under which Article of the Indian Constitution did Jagdeep Dhankhar resign as Vice President of India in 2025?,Article 66,Article 67(a),Article 91,Article 75,Article 80,Article 67(a)
7,In which country was a replica of the Ashoka Pillar unveiled at the Waskaduwa Sri Subhuthi Viharaya temple?,Nepal,Sri Lanka,Bhutan,Myanmar,Thailand,Sri Lanka
8,What is the estimated value of India’s pharma exports to the UK in FY24?,$500 million,$750 million,$1.1 billion,$914 million,$1.5 billion,$914 million
9,What is the name of the bill passed by the UK Parliament that allows terminally ill patients to opt for assisted dying?,Assisted Dying for Terminally Ill Bill,Euthanasia Regulation Bill,Terminally Ill Adults (End of Life) Bill,Compassionate Exit Act,Right to Die Law,Terminally Ill Adults (End of Life) Bill
10,What is the focus of the Global Tobacco Epidemic 2025 report released by the WHO?,Increasing tobacco farming subsidies,Promoting tobacco in media,Reducing taxes on tobacco,Development of e-cigarettes,MPOWER measures for tobacco control,MPOWER measures for tobacco control
11,‘Adamya’ is the first Fast Patrol Vessel (FPV) inducted into which force?,Indian Coast Guard,Indian Navy,Indian Army,Border Security Force,Indo-Tibetan Border Police,Indian Coast Guard
12,"Which prestigious Indian literary award, known for its Rs.25 lakh prize, was discontinued after its 7th edition in 2024?",Sahitya Akademi Award,JCB Prize for Literature,Booker Prize India Edition,DSC Prize for South Asian Literature,Tagore Literary Prize,JCB Prize for Literature
13,What was the target of Iran's Operation Bashayer Al-Fath launched in response to the US’s Operation Midnight Hammer?,US Embassy in Iraq,Israeli Air Base,Al-Udeid Air Base in Qatar,Strait of Hormuz Naval Base,Camp Arifjan in Kuwait,Al-Udeid Air Base in Qatar
14,"As per Jal Shakti Minister C.R. Patil, by which year will the remaining 4 crore households get tap water connections under Jal Jeevan Mission?",2025,2026,2027,2028,2029,2028
15,"What is ConvEx-3 (2025), recently hosted by Romania in collaboration with the IAEA?",A nuclear disarmament summit,A global nuclear emergency preparedness exercise,A military nuclear weapons demonstration,A treaty signing event for radiation protection,A workshop on nuclear energy investment,A global nuclear emergency preparedness exercise
16,How many weapon systems has DRDO offered for emergency procurement to enhance the capabilities of the Indian Armed Forces?,14,28,22,18,34,28
17,Under which operation did the DRI seize ₹9 crore worth of Pakistani-origin goods illegally routed via Dubai?,Operation Black Border,Operation Sindoor,Operation Silent Route,Operation Deep Manifest,Operation Vigil Trade,Operation Deep Manifest
18,When will India conduct its first comprehensive Household Income Survey to assess income distribution across the country?,2024,2025,2026,2027,2028,2026
19,What is the estimated cost of the ‘Mukhya Mantri Kanya Vivah Mandap Yojana’ recently approved by the Bihar Cabinet?,"Rs.1,000 crore","Rs.2,526 crore","Rs.3,000 crore","Rs.4,026 crore","Rs.5,100 crore","Rs.4,026 crore"
20,Who is the author of the book ‘Mujib’s Blunders: The Powers and the Plot Behind His Killing’?,Salil Tripathi,Sagarika Ghose,Manash Ghosh,Humayun Ahmed,Yasmin Saikia,Manash Ghosh
21,From which year will CBSE conduct Class 10 board exams twice a year?,2024,2025,2026,2027,2028,2026
22,What was the net profit of Public Sector Banks (PSBs) in FY25 as per the Finance Ministry?,Rs.1.40 lakh crore,Rs.1.04 lakh crore,Rs.2.53 lakh crore,Rs.1.78 lakh crore,Rs.0.52 lakh crore,Rs.1.78 lakh crore
23,What is the name of the new Recurring Deposit scheme launched by Bank of Baroda that allows flexible monthly contributions?,bob Growth Deposit Plan,bob Smart Monthly Plan,bob Flexi Systematic Deposit Plan,bob Variable Installment Scheme,bob Saver Plus Account,bob Flexi Systematic Deposit Plan
24,ICICI Bank is set to raise its stake by up to 2% in which of its subsidiaries to maintain majority control?,ICICI Lombard General Insurance,ICICI Securities,ICICI Prudential AMC,ICICI Home Finance,ICICI Prudential Life Insurance,ICICI Prudential AMC
25,"What was India’s Current Account Surplus in Q4 FY25, as per official data?",$7 billion,$11.5 billion,$9.7 billion,$13.5 billion,$23.3 billion,$13.5 billion
26,Which digital payment system in India was recently praised by the IMF as a transformative force?,Bharat BillPay,Immediate Payment Service (IMPS),RuPay,Unified Payments Interface (UPI),BHIM App,Unified Payments Interface (UPI)
27,From which month and year will post offices across India start accepting digital payments at counters?,January 2025,April 2025,August 2025,December 2025,March 2026,August 2025
28,Who recently resigned as MD & CEO of Karnataka Bank citing personal reasons?,Srikrishnan Hari Hara Sarma,Ramesh Kumar,Sekhar Rao,Rajesh Sharma,Arvind Joshi,Srikrishnan Hari Hara Sarma
29,"What is the name of India’s first NBFC in the maritime sector, recently inaugurated by the Union Minister of Ports, Shipping & Waterways?",Maritime Development Finance Corporation,Port Infrastructure Finance Limited,Sagarmala Finance Corporation Limited,Coastal Finance and Shipping Corporation,Blue Economy Credit Corporation,Sagarmala Finance Corporation Limited
30,"What is the name of the mobile app launched by East Coast Railway for pilgrims attending the Rath Yatra in Puri, Odisha?",Rath Yatra Tracker,ECoR Rath Sewa,ECoR Yatra,Puri Darshan App,Jagannath Rail Connect,ECoR Yatra
31,Who won the 2025 Shakti Bhatt Prize for her debut memoir ‘The Lucky Ones’?,Arundhati Roy,Meena Kandasamy,Zara Chowdhary,Mridula Koshy,Arshia Sattar,Zara Chowdhary
32,"Which team won the overall title at the U-17 Asian Wrestling Championships 2025 held in Vung Tau, Vietnam?",Japan,Kazakhstan,China,India,Iran,India
33,"Who has been appointed as the new head of India’s external intelligence agency, RAW (Research and Analysis Wing), in 2025?",Ravi Sinha,Ajit Doval,Tapan Deka,Arvind Kumar,Parag Jain,Parag Jain
34,Torrent Pharmaceuticals is acquiring JB Chemicals at what approximate valuation in 2025?,"Rs.11,000 crore","Rs.25,000 crore","Rs.25,689 crore","Rs.32,000 crore","Rs.20,500 crore","Rs.25,689 crore"
35,"According to the ICC’s new playing conditions for the 2025–27 WTC cycle, what is the penalty if a fielding side delays starting a new over three times?",5 penalty runs to batting side,10 penalty runs to batting side,Bowler suspension,One over deducted,Free hit next ball,5 penalty runs to batting side
36,Scientists from which institute discovered the potential of teak leaf extract to protect eyes and sensors from laser radiation?,"Indian Institute of Science (IISc), Bengaluru","Raman Research Institute (RRI), Bengaluru","Bhabha Atomic Research Centre (BARC), Mumbai","Saha Institute of Nuclear Physics, Kolkata","Centre for Advanced Optical Technologies, Pune","Raman Research Institute (RRI), Bengaluru"
37,India recently exported 1.5 tonnes of litchi to Doha and Dubai from which state for the first time?,Bihar,Uttar Pradesh,West Bengal,Punjab,Himachal Pradesh,Punjab
38,"Which mobile application, developed by the Government of India, allows citizens to report accessibility issues for divyangjan and elderly individuals?",Divyang Mitra App,Sugamya Bharat App,Accessible India Portal,Barrier-Free India App,Samarth App,Sugamya Bharat App
39,What is the name of the initiative launched to strengthen startup collaboration under the UAE-India Comprehensive Economic Partnership Agreement (CEPA)?,India-UAE Startup Mission,CEPA Startup Bridge,UAE-India Innovation Corridor,UAE-India CEPA Start-up Series,Gulf-India Entrepreneur Initiative,UAE-India CEPA Start-up Series
40,How many Indian start-ups were selected in the 2025 cohort of the World Economic Forum’s Technology Pioneers programme?,5,8,10,12,15,10
41,Where is Safran Aircraft Engine Services India setting up the first MRO facility outside France for Rafale’s M88 engines?,Bengaluru,Pune,Hyderabad,Chennai,Nagpur,Hyderabad
42,Which district in Kerala has been declared as the first to eradicate extreme poverty?,Kottayam,Ernakulam,Thiruvananthapuram,Alappuzha,Kozhikde,Kottayam
43,"Under which section of the Representation of the People Act, 1951 are political parties registered with the Election Commission of India?",Section 14A,Section 29A,Section 33B,Section 9C,Section 25B,Section 29A
44,"What was the theme of Micro-, Small and Medium-sized Enterprises (MSME) Day 2025?",MSMEs for a Better Tomorrow,Building Local to Go Global,Sustainable MSMEs for Resilient Economies,Enhancing the Role of MSMEs as Drivers of Sustainable Growth and Innovation,Empowering Entrepreneurs for Atmanirbhar Bharat,Enhancing the Role of MSMEs as Drivers of Sustainable Growth and Innovation
45,Aadhaar Enabled Payment System (AePS) is operated by which organization to enable transactions using Aadhaar-based authentication?,Reserve Bank of India,UIDAI,National Payments Corporation of India (NPCI),Ministry of Finance,NITI Aayog,National Payments Corporation of India (NPCI)
46,From which date will RBI’s new guidelines for AePS touchpoint operators come into effect?,"October 1, 2025","December 1, 2025","January 1, 2026","April 1, 2026","March 31, 2026","January 1, 2026"
47,Which project earned the Inland Waterways Authority of India the ‘Sankalp se Siddhi Infrastructure Honour’ at the ET Edge Supply Chain Management Fest-2025?,Sagarmala Project,Jal Shakti Abhiyan,Bharatmala Pariyojana,Jal Marg Vikas Project,Ganga Action Plan,Jal Marg Vikas Project
48,"As per the new rules, who will have the exclusive authority to issue Aadhaar cards in Assam?",Panchayat Officer,Chief Minister Office,District Commissioner,Aadhaar Seva Kendra,Local Police Station,Panchayat Officer
49,What is the name of the monthly financial support scheme launched by the All India Chess Federation (AICF) for young chess talents?,Chess Star Support Plan,Young Grandmasters Fund,National Chess Growth Scheme,Top National Players Stipend Scheme,Rising Talent Scholarship,Top National Players Stipend Scheme
50,What is the name of the campaign launched by the Ministry of Housing and Urban Affairs under Swachh Bharat Mission–Urban 2.0?,Swachh Nagar Abhiyan,Har Ghar Swachhta,Swachh Bharat Kranti,"Safai Apnao, Bimaari Bhagao",Clean India Drive,"Safai Apnao, Bimaari Bhagao"
51,"As per the latest U.S. draft bill, what is the new proposed tax rate on cash- based remittances?",5%,3.5%,2%,1%,0%,3.5%
52,"Which company is acquiring a 75% stake in Akzo India for Rs.9,000 crore?",Berger Paints,JSW Paints,Kansai Nerolac,Indigo Paints,Shalimar Paints,JSW Paints
53,"How many major infrastructure projects worth Rs.10,637 crore were sanctioned by the Central Government for Jammu and Kashmir in 2025?",12 projects,19 projects,22 projects,15 projects,10 projects,19 projects
54,What is the name of the white swan plush toy carried by Indian astronaut Shubhanshu Shukla on the Axiom-4 ISS mission?,Hope,Joy,Grace,Truth,Swanlight,Joy
55,Who is the compiler of the book ‘Ambedkar ke Sandesh’?,Dr.,R. Ambedkar B. Dr. T.G. Prabhakar Premi,Dr. R. Srinivasayya,D.S. Veeraiah,None of the above,R. Ambedkar B. Dr. T.G. Prabhakar Premi
56,Which country hosted the NATO Summit 2025 for the first time since NATO’s formation in 1949?,Belgium,Germany,France,Netherlands,Türkiye,Netherlands
57,"In which Indian state is the Bonalu folk festival primarily celebrated, where Goddess Mahakali is worshipped with devotion and rituals?",Telangana,Andhra Pradesh,Karnataka,Tamil Nadu,Maharashtra,Telangana
58,"Who was the winner of the 2025 Prof. C.R. Rao National Award, announced during the 19th Statistics Day celebrations?",Dr. Prajamitra Bhuyan,Dr. Ramesh Chand,Dr. Soumya Swaminathan,Dr. Subhash Chandra,Dr. Nikhil Kumar,Dr. Prajamitra Bhuyan
59,"As per MoRTH's draft proposal, what will be the color of figures on number plates for private hydrogen-powered vehicles?",Yellow,White,Green,Black,Blue,White
60,Who addressed the “Golden Jubilee Celebration” of the Department of Official Language in 2025?,Rajnath Singh,Narendra Modi,Arjun Ram Meghwal,Dharmendra Pradhan,Amit Shah,Amit Shah
61,"Which African country recently received two locomotives from India, manufactured at Banaras Locomotive Works (BLW)?",Kenya,Nigeria,Mozambique,Ghana,Tanzania,Mozambique
62,"Which UAE-based bank became the first to get approval for opening an IBU in GIFT City, Gujarat?",Emirates NBD,Abu Dhabi Commercial Bank,Mashreq Bank,Dubai Islamic Bank,First Abu Dhabi Bank,Mashreq Bank
63,When was the State Bank of India (SBI) established following the nationalization of the Imperial Bank?,1950,1952,1955,1960,1965,1955
64,"What was the total value of India’s external debt at the end of March 2025, as reported by the Reserve Bank of India (RBI)?",USD 668.8 billion,USD 700.5 billion,USD 736.3 billion,USD 601.9 billion,USD 134.5 billion,USD 736.3 billion
65,What is the name of the CBI-led operation launched to crack down on mule bank accounts related to cybercrime and digital arrest scams?,Operation Cyber Net,Operation Chakra V,Operation Black Web,Operation MuleHunter,Operation Safe Bank,Operation Chakra V
66,"As per the latest Indian Railways proposal, how many hours before departure will reservation charts now be prepared?",2 Hours,4 Hours,6 Hours,8 Hours,10 Hours,8 Hours
67,"What is the name of the annual festival in Puri, Odisha, that marks the ceremonial journey of Lord Jagannath, Lord Balabhadra, and Goddess Subhadra to the Gundicha Temple?",Chariot Utsav,Jagannath Rath Yatra,Ashadha Festival,Gundicha Mela,Subhadra Parikrama,Jagannath Rath Yatra
68,"What is India’s global rank in milk, egg, and meat production as per 2023–24 data?","1st in Milk, 3rd in Eggs, 4th in Meat","2nd in Milk, 1st in Eggs, 4th in Meat","1st in Milk, 2nd in Eggs, 4th in Meat","1st in Milk, 2nd in Eggs, 5th in Meat","1st in Milk, 1st in Eggs, 3rd in Meat","1st in Milk, 2nd in Eggs, 4th in Meat"
69,Which title was conferred upon PM Narendra Modi during the centenary celebrations of Jain saint Acharya Vidyanand Ji Maharaj?,Dharma Chakravarti,Ahimsa Ratna,Dharma Samrat,Sant Shiromani,Jain Shiromani,Dharma Chakravarti
70,Which fossil park in Uttar Pradesh was added to the UNESCO Tentative List of World Heritage Sites in 2025?,Ghughua Fossil Park,Mandla Fossil Park,Salkhan Fossils Park,Dudhwa National Fossil Reserve,Amarkantak Fossil Site,Salkhan Fossils Park
71,"According to SDG progress data, what was India’s renewable energy share in total installed electricity generation in 2024–25?",16.02%,19.08%,21.67%,22.13%,20.75%,22.13%
72,Which Indian chess player became the top-ranked Indian after winning the UzChess Cup Masters 2025?,Viswanathan Anand,Arjun Erigaisi,Gukesh D,R Praggnanandhaa,Nihal Sarin,R Praggnanandhaa
73,Which state forms Trust to Oversee Construction of Grand Janaki Temple ?,Bihar,Uttar Pradesh,West Bengal,Punjab,Himachal Pradesh,Bihar
74,"What was the objective of Operation Bihali conducted in Udhampur, Jammu & Kashmir?",To rescue civilians trapped in floods,To seize illegal arms from insurgents,To neutralize Jaish-e-Mohammad terrorists,To provide humanitarian aid to border villages,To dismantle drug trafficking networks,To neutralize Jaish-e-Mohammad terrorists
75,Where has the National Turmeric Board recently established its headquarters?,Hyderabad,Nagpur,Nizamabad,Vijayawada,Warangal,Nizamabad
76,"As per MoRTH’s draft rules, from which date will it be mandatory for all two- wheelers manufactured in India to be equipped with Anti-Lock Braking System (ABS)?","January 1, 2025","April 1, 2025","July 1, 2025","January 1, 2026","March 1, 2026","January 1, 2026"
77,"As per the SDG National Indicator Framework, how many start-ups were recognised under Start-up India in 2024?",453,"10,125","22,174","34,293","15,000","34,293"
78,Which country has won the bid to host the 2029 World Police & Fire Games (WPFG)?,United States,Australia,United Kingdom,Canada,India,India
79,By what percentage has India reduced its GDP emission intensity in 2020 compared to 2005 levels?,22%,28%,30%,36%,40%,36%
80,"As per the SDG – National Indicator Framework 2025, what percentage of India’s population is covered by social protection systems in 2025?",22.0%,48.8%,64.3%,54.6%,24.4%,64.3%
81,Which teams won the women’s title in the inaugural edition of the Hockey India Masters Cup 2025?,Hockey Punjab (Women),Hockey Association of Odisha (Women),Hockey Odisha (Women),Hockey Maharashtra (Women),Hockey Karnataka (Women),Hockey Association of Odisha (Women)
82,"As per SDG 2025 data, what is the Gross Value Added (GVA) in agriculture per worker in 2024–25?","Rs.87,646","Rs.78,837","Rs.71,402","Rs.94,110","Rs.61,247","Rs.94,110"
83,Where does India rank in the Hurun Global Unicorn Index 2025?,First,Second,Third,Fourth,Fifth,Third
84,"According to the National Indicator Framework, what was India’s forest cover as a percentage of total geographical area in 2023?",21.34%,21.56%,21.76%,22.10%,22.35%,21.76%
85,"According to the SDG National Indicator Framework 2025, what percentage of rural population had access to improved drinking water sources in 2024–25?",94.57%,98.56%,99.25%,99.62%,95.98%,99.62%
86,What is commemorated on June 30 as per the United Nations declaration?,International Space Day,World Meteor Impact Day,International Asteroid Day,Planetary Defense Day,Tunguska Memorial Day,International Asteroid Day
87,"As per the Finance Ministry, what is the interest rate on Sukanya Samriddhi Account Scheme for July–September 2025 quarter?",7.60%,7.80%,8.00%,8.20%,8.40%,8.20%
88,Which company recently became the 6th Indian startup to attain unicorn status in 2025 after raising $120 million in Series D funding?,Netradyne,JSW One Platform,Juspay,Jumbotail,Porter,Jumbotail
89,"According to RBI’s June 2025 Financial Stability Report, what is the projected GNPA ratio for Scheduled Commercial Banks (SCBs) by March 2027 under the baseline scenario?",2.3%,2.5%,5.3%,5.6%,3.1%,2.5%
90,"What is the combined stake of LIC, SHCIL, and SBI (including SBI Caps) in the unlisted NSE as of June 2025?",15%,18%,23%,26%,30%,23%
91,"From what time will RBI’s Standing Deposit Facility (SDF) and Marginal Standing Facility (MSF) be available starting July 1, 2025?",5:30 PM to 11:00 PM,7:00 PM to 11:59 PM,6:00 PM to 12:00 AM,8:00 PM to 12:00 AM,7:00 PM to 11:00 PM,7:00 PM to 11:59 PM
92,AU Small Finance Bank has recently partnered with which organization to offer life insurance products?,SBI Life,HDFC Life,LIC,ICICI Prudential,Max Life,LIC
93,Which system has SEBI approved for performing digital KYC by registered intermediaries?,DigiLocker System,Aadhaar Vault,e-KYC Setu System,UPI Verify System,KRA Portal,e-KYC Setu System
94,At which event did MCPO Omkar Singh win India’s first medal in the 2025 World Military Shooting Championship?,25m Center Fire Pistol,10m Air Pistol,50m Rifle Prone,Skeet Shooting,Rapid Fire Pistol,25m Center Fire Pistol
95,"What is the main objective of the Hong Kong Convention (HKC), which came into force on June 26, 2025?",Regulate global maritime trade routes,Ensure safety of oil tankers in international waters,Promote digital navigation systems in cargo ships,Ensure safe and eco-friendly recycling of ships,Monitor piracy threats in shipping lanes,Ensure safe and eco-friendly recycling of ships
96,"As per the Brand Finance 2025 report, which company was ranked as India’s number one food brand by brand value?",Britannia,Dabur,Nandini,Amul,Mother Dairy,Amul
97,What is the primary function of the THAAD missile system developed by the United States?,Launching long-range cruise missiles,Destroying enemy tanks and ground forces,Intercepting and destroying ballistic missiles in their terminal phase,Surveillance and reconnaissance in enemy territory,Attacking nuclear submarines in deep seas,Intercepting and destroying ballistic missiles in their terminal phase
98,"Which Formula 1 driver won the 2025 Austrian Grand Prix, marking his third Grand Prix victory of the 2025 season?",Max Verstappen,Oscar Piastri,Lewis Hamilton,Lando Norris,Charles Leclerc,Lando Norris
99,Which two women groups were appreciated by PM Modi in the 123rd episode of Maan Ki Baat for their entrepreneurship?,Women from Leh & Varanasi,Women from Bhadrachalam & Kalaburgi,Women from Kochi & Bhilai,Women from Imphal & Raipur,Women from Bhuj & Gwalior,Women from Bhadrachalam & Kalaburgi
100,Which ministry has recently revised guidelines for the Waste-to-Energy Programme under the National Bioenergy Programme?,"Ministry of Environment, Forest and Climate Change",Ministry of Power,Ministry of New and Renewable Energy,Ministry of Rural Development,Ministry of Petroleum and Natural Gas,Ministry of New and Renewable Energy
101,Reliance Defence partnered with which US company for defence MRO services in India?,Boeing,Lockheed Martin,Coastal Mechanics Inc.,General Dynamics,Raytheon,Coastal Mechanics Inc.
102,What is the purpose of the SPREE 2025 scheme relaunched by ESIC?,Promoting registration of employers and employees under the ESI Act,Ensuring housing facilities for migrant workers,Promoting retirement benefits for senior citizens,Offering financial aid to MSMEs,Subsidizing medical insurance premiums,Promoting registration of employers and employees under the ESI Act
103,Where was one of India’s largest Battery Energy Storage Systems (BESS) manufacturing facilities inaugurated in 2025?,"Hosur, Tamil Nadu","Pune, Maharashtra","Noida, Uttar Pradesh","Bidadi, Karnataka","Gandhinagar, Gujarat","Bidadi, Karnataka"
104,"As per the 2024 report, which state recorded the highest number of faunal discoveries in India?",Karnataka,West Bengal,Maharashtra,Kerala,Arunachal Pradesh,Kerala
105,What is the main aim of the FIFA’s Football for Schools (F4S) Programme recently launched in India?,To promote professional football leagues in schools,To train school teachers in football coaching,To contribute to the education and development of children through football,To organize international school-level tournaments,To promote girls' participation in football exclusively,To contribute to the education and development of children through football
106,National Doctor’s Day in India is observed on 1st July to commemorate the birth and death anniversary of which legendary doctor?,Dr. A.P.J. Abdul Kalam,Dr. Pranab Mukherjee,Dr. Bidhan Chandra Roy,Dr. Manmohan Singh,Dr. Radhakrishnan,Dr. Bidhan Chandra Roy
107,Hul Diwas is observed annually on June 30 to commemorate which tribal leaders and their rebellion?,Birsa Munda and Sidho Murmu,Sidho and Kanhu Murmu,Tantya Bhil and Rani Durgavati,Tilka Majhi and Phulo Jhano,Komaram Bheem and Kanhu Murmu,Sidho and Kanhu Murmu
108,"Which multilateral organization subscribed to Rs.1,301.25 crore worth of NCDs issued by Aditya Birla Capital to support India's renewable and e-mobility sectors?",World Bank,Asian Infrastructure Investment Bank (AIIB),Asian Development Bank,International Monetary Fund (IMF),New Development Bank,Asian Infrastructure Investment Bank (AIIB)
109,Which bank has received RBI’s in-principle approval to acquire the fraud-hit New India Co-operative Bank (NICB)?,Punjab & Maharashtra Co-op Bank,Bharat Co-op Bank,Cosmos Co-op Bank,Saraswat Co-op Bank,Shamrao Vithal Co-op Bank,Saraswat Co-op Bank
110,Who has been appointed as the Chairperson of the Financial Services Institutions Bureau (FSIB)?,T. V. Somnathan,Bhanu Pratap Sharma,Shaktikanta Das,Ajay Seth,Rajiv Gauba,Bhanu Pratap Sharma
111,Which platform launched Web3 coins to enable decentralised crypto trading in India?,WazirX,Binance India,CoinDCX,CoinSwitch,ZebPay,CoinSwitch
112,"Which public sector bank recently waived penalties for non-maintenance of Minimum Average Balance (MAB) in savings accounts, effective July 1, 2025?",Bank of Baroda,UCO Bank,Union Bank of India,Indian Bank,Punjab National Bank,Punjab National Bank
113,SBI recently inaugurated ‘Global Trade Finance Centres’ in which two Indian cities?,Mumbai and Chennai,Kolkata and Hyderabad,Delhi and Bengaluru,Ahmedabad and Kochi,Pune and Surat,Kolkata and Hyderabad
114,What was the total UPI transaction volume recorded in June 2025?,18.68 billion,20.15 billion,17.92 billion,18.40 billion,19.05 billion,18.40 billion
115,Who won the first National Skill Olympiad on seafood value addition organised by MPEDA at Seafood Expo Bharat in Chennai?,Ravi Raj,Thanseer K R,Nitin Thomas,Ajay Menon,Manu Joseph,Thanseer K R
116,From which date has the Ministry of Railways rationalised passenger train fares based on the updated IRCA fare table?,1st July 2025,15th June 2025,1st June 2025,15th July 2025,1st August 2025,1st July 2025
117,What is the approved capital cost for the four-lane Paramakudi– Ramanathapuram NH-87 project?,"Rs.1,200 crore","Rs.2,100 crore","Rs.1,853 crore","Rs.1,500 crore","Rs.2,500 crore","Rs.1,853 crore"
118,What special taxation model has the G7 agreed to offer U.S. multinational companies under the global tax framework?,One-Pillar Taxation,Global Profit Sharing Model,Double Taxation Relief,Side-by-Side Taxation Model,Tax Haven Equalization Rule,Side-by-Side Taxation Model
119,Which indigenous disaster alert system has been developed by C-DOT and tested nationwide by DoT and NDMA?,SACHET Portal,eAlert System,mSafe System,Cell Broadcast System,DISPEL Network,Cell Broadcast System
120,What is the name of the newly approved National Sports Policy 2025 by the Union Cabinet?,Bharat Khelega Yojana,"Khelo Bharat Niti, 2025",Mission Olympic 2036,Sports India Vision 2047,Rashtriya Khel Sankalp,"Khelo Bharat Niti, 2025"
121,"As per the Scheme for Prime Minister’s Awards for Excellence in Public Administration 2025, how many total awards will be conferred under all categories?",10,12,16,18,20,16
122,IIM Kozhikode signed an MoU with which company to develop capacity- building programmes for the power sector?,NTPC,BHEL,Tata Power DDL,PowerGrid,Adani Power,Tata Power DDL
123,What is the name of the AI multilingual translation challenge launched under the WaveX Accelerator Programme?,BhashaSetu – Real-Time Language Tech for Bharat,BhashaYatra – AI Bridge for India,VaaniSetu – Voice AI for Bharat,LinguaTech India,AI Varta – Multilingual Voice Connect,BhashaSetu – Real-Time Language Tech for Bharat
124,What is the name of the second stealth frigate inducted under Project 17A by the Indian Navy?,INS Satpura,INS Shivalik,INS Udaygiri,INS Vindhyagiri,INS Talwar,INS Udaygiri
125,What is the name of the newly approved scheme by the Union Cabinet to incentivize employment generation and support first-time employees and employers?,PM Employment Guarantee Scheme,Skill India Mission,Employment Linked Incentive (ELI) Scheme,National Youth Employability Scheme,Atmanirbhar Rozgar Yojana,Employment Linked Incentive (ELI) Scheme
126,"Rs.1,894 crore PM MITRA mega textile park has been approved in which district of Tamil Nadu?",Coimbatore,Erode,Chennai,Virudhunagar,Madurai,Virudhunagar
127,Where was the 21st Steering Committee Meeting of Project Elephant chaired by Union Minister Bhupendra Yadav held?,"Coimbatore, Tamil Nadu","Kadanad, Tamil Nadu","Kaziranga, Assam","Dehradun, Uttarakhand","Bhubaneshwar, Odisha","Dehradun, Uttarakhand"
128,What is the name of the app launched by Indian Railways to integrate all passenger services?,RailOne,RailSeva,IRCTC Pro,UTS Next,Bharat Rail,RailOne
129,Where was the first-ever ASEAN-India Cruise Dialogue inaugurated by Union Minister Sarbananda Sonowal held?,Mumbai Port,Vishakhapatnam Port,Port Blair,Chennai Port,Kochi Port,Chennai Port
130,Which portal did the Department of Telecommunications (DoT) use to launch the module for spectrum demand survey under CNPN services?,Digital India Portal,BharatNet Portal,PM-WANI Portal,Saral Sanchar Portal,Spectrum India Portal,Saral Sanchar Portal
131,What is the name of the Electricity Safety Mascot launched during Electricity Safety Day 2025 in New Delhi?,Bijli Veer,Urja Rakshak,Power Pal,Vidyut Mitra,Suraksha Shakti,Suraksha Shakti
132,"As per the RBI's new directive effective from January 1, 2026, which of the following types of loans are exempted from prepayment penalties when offered on floating interest rates?",Loans to large corporates,Floating rate personal loans & MSE business loans,Fixed rate home loans,Education loans only,Loans sanctioned before January 2024,Floating rate personal loans & MSE business loans
133,What is the interest rate applicable on RBI's Floating Rate Savings Bond 2020 (Taxable) for July–December 2025?,8.05%,7.70%,7.50%,8.35%,7.85%,8.05%
134,What initiative has SBI launched to contribute to India’s Net Zero 2070 targets?,Green Credit Programme,Solar Rooftop Programme,Net Zero Financing Scheme,Sustainable Homes Mission,Eco India Solar Drive,Solar Rooftop Programme
135,What is the purpose of the Financial Fraud Risk Indicator (FRI) developed by the Department of Telecommunications (DoT)?,Classify banks by size,Predict inflation levels,Detect fraudulent mobile numbers and help prevent cyber-enabled financial fraud,Rank telecom companies,Identify loan defaulters,Detect fraudulent mobile numbers and help prevent cyber-enabled financial fraud
136,Which bank has classified Reliance Communications' loan account as ‘fraud’ and reported Anil Ambani to the RBI?,Punjab National Bank,Bank of Baroda,State Bank of India,ICICI Bank,HDFC Bank,State Bank of India
137,Who has been appointed as the President of the Kho-Kho Federation of India (KKFI) for a 4-year term in 2025?,Upkar Singh Virk,Govind Sharma,Rajeev Mehta,Sudhanshu Mittal,Sharad Chauhan,Sudhanshu Mittal
138,Which state achieved the highest score in the Management Effectiveness Evaluation report 2025 for Protected Areas in India?,Karnataka,Punjab,Himachal Pradesh,Kerala,Tamil Nadu,Kerala
139,Which university's researchers built the world’s first CMOS computer without silicon using two-dimensional materials?,Stanford University,Harvard University,MIT,Pennsylvania State University,"University of California, Berkeley",Pennsylvania State University
140,Which state government launched the Digi Lakshmi Scheme to empower SHG women as entrepreneurs?,Andhra Pradesh,Karnataka,Tamil Nadu,Telangana,Kerala,Andhra Pradesh
141,Which Indian city launched the country’s first QR-based Digital House Address System?,Bhopal,Bengaluru,Pune,Indore,Hyderabad,Indore
142,What is the name of the Unified Flood Inundation Forecasting System launched by the Ministry of Jal Shakti in collaboration with C-DAC Pune and other agencies?,JalRakshak,FloodWatch,C-FLOOD,Samarth-FIM,MeghAlert,C-FLOOD
143,Which platform is being upgraded under a new MoU between the Ministry of Youth Affairs and Sports and the Digital India Corporation in 2024?,MY Bharat 2.0,Bharat Net Yuva Portal,Digital India Youth Hub,India Yuva Connect,Youth Power Portal,MY Bharat 2.0
144,What is the title of the autobiography recently released by former India opener Shikhar Dhawan in 2025?,Straight Drive,The Warrior Within,The One,Cover Story,Game Changer,The One
145,Who has been appointed as the non-executive director on the Board of InterGlobe Aviation (IndiGo)?,Rajiv Bansal,Amitabh Kant,Ajay Bhushan Pandey,Rakesh Mohan,Subhash Chandra Garg,Amitabh Kant
146,Who organized the Digital Payments Awards 2024–25 to recognize excellence in India’s digital payments ecosystem?,Reserve Bank of India,Ministry of Electronics and IT,NITI Aayog,"Department of Financial Services, Ministry of Finance",National Payments Corporation of India,"Department of Financial Services, Ministry of Finance"
147,What is the name of the community engagement framework launched by the Coal Ministry for mine closure and repurposing?,RESET,RENEW,RECLAIM,RESTART,RESTORE,RECLAIM
148,Which key event did Union Home Minister Amit Shah chair to celebrate the International Year of Cooperatives (IYC) 2025?,Cooperative India Summit,Sahkar Sammelan,National PACS Conclave,Sahkar Bharat Meet,Manthan Baithak,National PACS Conclave
149,"Swami Vivekananda is best known for his speech at which event, where he introduced Hindu philosophy to the Western world?",World Hindu Congress,"Parliament of the World’s Religions, Chicago",Global Interfaith Forum,Indian National Congress Session,Arya Samaj Convention,"Parliament of the World’s Religions, Chicago"
150,Which state/UT became the first to include tuberculosis (TB) screening under the Family Adoption Programme (FAP)?,Kerala,Gujarat,Maharashtra,Puducherry,Delhi,Puducherry
151,What major announcement did Union Home Minister Amit Shah make regarding the implementation of new criminal laws in India?,New laws will focus on punishment,FIRs will no longer be filed manually,Justice will be ensured from FIR to Supreme Court with set timelines,Only DNA evidence will be used in trials,"IPC, CrPC, and Evidence Act remain unchanged",Justice will be ensured from FIR to Supreme Court with set timelines
152,Who has been appointed as the new Chief Executive Officer (CEO) of the Reserve Bank Innovation Hub (RBIH)?,Rajesh Bansal,Nandan Nilekani,Sahil Kini,Sameer Nigam,Shaktikanta Das,Sahil Kini
153,Which two organizations have partnered to launch India’s first weather derivatives?,NCDEX & IMD,RBI & NCDEX,SEBI & IMD,NABARD & IMD,NSE & IMD,NCDEX & IMD
154,Which organization has provided a loan of Rs 460 crore (USD 55 million) to IndiGrid for building India’s largest 180 MW Battery Energy Storage System (BESS) project in Gujarat?,Asian Development Bank,World Bank,International Monetary Fund,International Finance Corporation,Green Climate Fund,International Finance Corporation
155,"Which is the third Indian state to cross one crore registered stock market investors, as per NSE 2025 data?",Rajasthan,Tamil Nadu,Gujarat,Karnataka,Bihar,Gujarat
156,"As per data from Orbiting Now, which country has the highest number of satellites in orbit as of 2025?",China,Russia,United States of America,India,Japan,United States of America
157,Which country became the first to officially recognize the Taliban government in Afghanistan?,China,Pakistan,Russia,United Arab Emirates,Uzbekistan,Russia
158,Who has been selected as the Commonwealth Youth Peace Ambassador for the 2025–2027 term?,Ananya Singh,Riya Chakraborty,Sukanya Sonowal,Meenakshi Das,Tanvi Joshi,Sukanya Sonowal
159,"During Prime Minister Modi’s historic visit, which Latin American country did he become the first Indian PM to visit in 57 years?",Brazil,Chile,Argentina,Peru,Colombia,Chile
160,Which prestigious civilian honour was recently conferred upon PM Narendra Modi by Trinidad and Tobago?,Order of the Caribbean Star,Companion of Honour,The Grand Order of Excellence,The Order of the Republic of Trinidad and Tobago,The Order of the Caribbean States,The Order of the Republic of Trinidad and Tobago
161,When is the third edition of the Bharat Mobility Global Expo (BMGE) scheduled to be held?,February 2025,January 2026,December 2025,March 2026,February 2027,February 2027
162,What is the name of the high-capacity switch-cum-router launched by C-DOT with 25.6 Tbps throughput in 2025?,PRAGATI-5000,SAKSHAM-3000,SURAKSHA-2000,VAANI-1000,BANDHAN-X,SAKSHAM-3000
163,What is the name of the first-ever maritime mission launched by QUAD nations to enhance Indo-Pacific maritime security under the Wilmington Declaration?,QUAD-at-Sea Ship Observer Mission,QUAD Coastal Unity Program,QUAD Maritime Mission,Indo-Pacific Security Pact,QUAD Naval Alliance,QUAD-at-Sea Ship Observer Mission
164,"For Kharif Marketing Season 2025–26, what is the MSP fixed for Arhar and Urad respectively?","Rs.7,800 and Rs.8,000","Rs.8,200 and Rs.7,800","Rs.8,000 and Rs.7,800","Rs.7,500 and Rs.7,500","Rs.8,000 and Rs.8,200","Rs.8,000 and Rs.7,800"
165,What is the new name of the National Institute of Public Cooperation and Child Development (NIPCCD) as renamed in 2025?,Rani Laxmibai National Institute of Women and Child Development,Indira Gandhi Institute of Women and Child Welfare,Savitribai Phule National Institute of Women and Child Development,Sarojini Naidu National Centre for Women and Children,Kasturba Gandhi National Institute of Women and Child Welfare,Savitribai Phule National Institute of Women and Child Development
166,"Who officially launched the ""Handloom Hackathon 2025"" to revolutionize India's handloom sector?",Ministry of Culture,NITI Aayog,Ministry of Skill Development,Development Commissioner (Handlooms),Textile Research Institute,Development Commissioner (Handlooms)
167,What is the total worth of indigenous defence procurement cleared by DAC in July 2025?,"Rs.80,000 crore","Rs.95,000 crore",Rs.1.05 lakh crore,"Rs.70,000 crore",Rs.1.25 lakh crore,Rs.1.05 lakh crore
168,Where will the first-ever Khelo India Water Sports Festival (KIWSF) 2025 be held?,Diu,Goa,Mumbai,Srinagar,Kochi,Srinagar
169,Who won the Mental Health Award 2025 at the 24th Annual International Mental Health Conference?,Soumya Swaminathan,Saima Wazed,Poonam Khetrapal Singh,Tedros Adhanom,Harsh Vardhan,Saima Wazed
170,Where was the first-ever Astro Tourism Festival organized in the Union Territory of Ladakh?,Hanle Observatory,Pangong Tso,"District Panchayat Resource Centre, Agling",Magnetic Hill,Thiksey Monastery,"District Panchayat Resource Centre, Agling"
171,"Who was Shekhar Dutt, the notable Indian bureaucrat who recently passed away?",Former Cabinet Secretary,Former Governor of Chhattisgarh,Former Chief of Army Staff,Former National Security Advisor,Former Chief Election Commissioner,Former Governor of Chhattisgarh
172,When is World Kiswahili Language Day observed?,18 June,7 July,5 August,21 May,12 September,7 July
173,On which date was Muharram (Islamic New Year) observed in 2025?,5 July,6 July,7 July,8 July,9 July,6 July
174,Which organization has provided a USD 200 million loan to support the ADB- led clean energy investment programme in India?,World Bank,IMF,Green Climate Fund (GCF),AIIB,NDB,Green Climate Fund (GCF)
175,What action has SEBI taken against US-based trading firm Jane Street in 2025?,Allowed unlimited trades,Appointed Jane Street as F&O regulator,"Barred Jane Street from markets and froze ₹4,844 crore",Gave tax exemption to Jane Street,Declared Jane Street a stock exchange,"Barred Jane Street from markets and froze ₹4,844 crore"
176,What are the names of the two newly launched plans by LIC in 2025 offering guaranteed returns and flexible policy terms?,Jeevan Saral & Jeevan Umang,Bima Jyoti & Jeevan Anand,Dhan Varsha & Jeevan Lakshya,Jeevan Labh & Jeevan Tarun,Nav Jeevan Shree & Nav Jeevan Shree Single Premium,Nav Jeevan Shree & Nav Jeevan Shree Single Premium
177,"According to the Geo Semi-Annual India FinTech Report (SEA TECH)-H1 2025, what is India’s global ranking in startup funding for the FinTech sector?",1st,2nd,3rd,4th,5th,3rd
178,Which ministry has proposed amendments to the 2014 guidelines for Television Rating Agencies to modernize viewership measurement in India?,Ministry of Electronics and IT,Ministry of Broadcasting and Telecom,Ministry of Consumer Affairs,Ministry of Information and Broadcasting,Ministry of Corporate Affairs,Ministry of Information and Broadcasting
179,Kerala’s first skin bank will be inaugurated in which city?,Kochi,Kozhikode,Thiruvananthapuram,Alappuzha,Thrissur,Thiruvananthapuram
180,What is the primary goal of the World Health Organization’s “3 by 35” initiative?,To provide 3 vaccines to 35 low-income countries by 2035,To reduce child mortality by 35% through 3 key interventions,"To increase prices of tobacco, alcohol, and sugary drinks by at least 50% by 2035",To plant 35 million trees in 3 high-risk regions by 2035,To reduce global obesity by 3% annually until 2035,"To increase prices of tobacco, alcohol, and sugary drinks by at least 50% by 2035"
181,Where has SAIL recently opened its first international office in the Middle East?,Abu Dhabi,Doha,Jeddah,Dubai,Muscat,Dubai
182,Where was India’s first Equine Disease-Free Compartment (EDFC) established?,"Pune, Maharashtra","Hisar, Haryana","Meerut Cantonment, Uttar Pradesh","Bengaluru, Karnataka","Bhopal, Madhya Pradesh","Meerut Cantonment, Uttar Pradesh"
183,Who has been appointed as the Co-President of the BRICS CCI Women’s Wing for a two-year term?,Priyanka Kakkar,Atishi Marlena,Ruby Sinha,Raghav Chadha,Swati Maliwal,Priyanka Kakkar
184,"Which Indian ministry recently rejoined the Unicode Consortium as a Supporting Member, making India one of only two governments globally with voting rights?",Ministry of External Affairs,Ministry of Culture,Ministry of Electronics and Information Technology,Ministry of Communication,Ministry of Education,Ministry of Electronics and Information Technology
185,What was the winning throw distance by Neeraj Chopra at the 2025 Neeraj Chopra Classic?,85.76m,84.51m,88.07m,87.43m,86.18m,86.18m
186,Which state launched the 'Bauddha Teerth Darshan Yojana' and 'Panch Takht Yatra Yojana' for Buddhist and Sikh pilgrims?,Punjab,Haryana,Uttar Pradesh,Bihar,Madhya Pradesh,Uttar Pradesh
187,What is the full form of the BHARAT initiative launched by IISc Bengaluru to build India’s first comprehensive aging database?,Biometric Health Assessment Research and Tracking,"Biomarkers of Healthy Aging, Resilience, Adversity, and Transitions",Biological Health and Resilience Analysis Technique,Bharat Health and Aging Research on Transitions,Biological Hormonal Assessment and Research for Aging Transitions,"Biomarkers of Healthy Aging, Resilience, Adversity, and Transitions"
188,In how many states will the 134th Durand Cup football tournament be played?,3,4,5,6,7,5
189,Who was recently appointed as the first woman pilot in the fighter stream of Indian Naval Aviation?,Lt Shivangi,SLt Aastha Poonia,Lt Avani Chaturvedi,SLt Riti Singh,Lt Bhawana Kanth,SLt Aastha Poonia
190,What was the name of the mango promotion festival launched by APEDA in Abu Dhabi in 2025?,Mango Utsav 2025,Indian Mango Festival,Mango Magic 2025,Indian Mango Mania 2025,Mango Delight Expo,Indian Mango Mania 2025
191,How many laptops did India gift to school students of Trinidad and Tobago under the new cooperation?,"1,000","2,000","5,000","10,000",500,"2,000"
192,What is the target year set in the Aluminium Vision Document to position India as a global aluminium production hub?,2030,2035,2040,2047,2050,2047
193,Where has Seiko Epson Corporation set up its first production unit in India?,Pune,Noida,Bengaluru,Chennai,Hyderabad,Chennai
194,Which university has been renamed as ‘Dr. Manmohan Singh City University’ by the Karnataka Cabinet in 2025?,Bengaluru University,Bengaluru North University,Bengaluru City University,Mysore University,Karnataka State Open University,Bengaluru City University
195,What is the name of the new political party launched by Elon Musk in the United States to challenge the two-party system?,Liberty Party,United Future Party,The America Party,National Progress Party,Vision 2040 Party,The America Party
196,Which two countries were recently admitted as borrowing members of the New Development Bank (NDB) ahead of the 17th BRICS Summit?,Argentina and Saudi Arabia,Uzbekistan and Colombia,Algeria and Uruguay,Bangladesh and UAE,Indonesia and Mexico,Uzbekistan and Colombia
197,"As per recent government advisory, for how long must a Jan Dhan account remain transaction-free to be classified as “inoperative”?",6 Months,12 Months,18 Months,24 Months,36 Months,24 Months
198,What is the name of the dual-benefit insurance product launched by Karur Vysya Bank and Kshema General Insurance?,Kisan Suraksha Yojana,Kshema Kisan Sathi,Krishi Raksha Bima,Kisan Kavach Policy,Agro Suraksha Plus,Kshema Kisan Sathi
199,"According to an SBI Research report, what percentage did India contribute to the global economy’s incremental growth in FY25?",4.5%,5.8%,8.2%,7.5%,6.7%,6.7%
200,Which BlackBuck subsidiary has received RBI approval for a Prepaid Payment Instrument (PPI) licence?,BBK Fintech Solutions,BB Payments Pvt. Ltd.,TZF Logistics Solutions,FreightPay Technologies,BlackPay Logistics,TZF Logistics Solutions
201,"Receivables Exchange of India Limited (RXIL), a TReDS platform, recently crossed which milestone in MSME invoice financing?",Rs.1 lakh crore,Rs.1.5 lakh crore,Rs.2 lakh crore,Rs.2.5 lakh crore,Rs.3 lakh crore,Rs.2 lakh crore
202,Which fintech company’s broking arm received SEBI approval to act as a stockbroker and clearing member?,Paytm,PhonePe,Mobikwik,BharatPe,Razorpay,Mobikwik
203,What recent solar discovery was made by Indian and international astronomers using advanced telescopes?,Giant solar storms,Permanent sunspots,Helium core fusion,"Tiny, short-lived plasma loops",Discovery of a new solar layer,"Tiny, short-lived plasma loops"
204,What is the name of the new multi-state milk co-operative launched in Gujarat to source milk from 20 States and 2 UTs?,Amul Dairy Federation Ltd,National Milk Federation Ltd,Sardar Patel Co-operative Dairy Federation Ltd,Kisan Milk Union of India,Bharat Milk Co-operative Federation,Sardar Patel Co-operative Dairy Federation Ltd
205,Who has been appointed as the 7th Chief Executive Officer (CEO) of the International Cricket Council (ICC) in 2025?,Geoff Allardice,Sanjog Gupta,Anurag Thakur,Manu Sawhney,Nita Ambani,Sanjog Gupta
206,Which Indian institute has developed a new low-cost sensor to detect toxic sulfur dioxide (SO₂) gas at extremely low concentrations?,"Indian Institute of Science (IISc), Bengaluru","Centre for Nano and Soft Matter Sciences (CeNS), Bengaluru","Bhabha Atomic Research Centre (BARC), Mumbai","National Environmental Engineering Research Institute (NEERI), Nagpur","Indian Institute of Technology (IIT), Delhi","Centre for Nano and Soft Matter Sciences (CeNS), Bengaluru"
207,"Under the new UAE Golden Visa policy, how much fee is required to be paid by Indians without business/property investment?",Rs.10 lakh,Rs.15 lakh,Rs.23.3 lakh,Rs.30 lakh,Rs.50 lakh,Rs.23.3 lakh
208,"Who has become the first Indian actress to be honoured with a star on the Hollywood Walk of Fame, Class of 2026?",Priyanka Chopra,Aishwarya Rai Bachchan,Deepika Padukone,Alia Bhatt,Tabu,Deepika Padukone
209,What is the name of the joint sea exercise between the Indian Coast Guard and Japan Coast Guard during the 2025 port call in Chennai?,Dharma Guardian,Malabar,Jaa Mata,Shakti,Suraksha Setu,Jaa Mata
210,Which Indian company recently secured a Rs.300 crore emergency procurement contract from the Indian Army for bulletproof jackets and advanced ballistic helmets?,Tata Advanced Systems,SMPP Limited,Bharat Electronics Limited,Kalyani Group,MKU Ltd,SMPP Limited
211,What is the name of the State-led platform launched by Telangana to support AI development?,TGDeX,Telangana AI Bridge,T-Hub AI Portal,T-SmartAI,T-AI Grid,TGDeX
212,How many gold medals did India win at the World Boxing Cup 2025 held in Kazakhstan?,2,3,4,5,6,3
213,"Where was the 17th BRICS Summit held, during which Indonesia was welcomed as a full member?","Rio de Janeiro, Brazil","Kazan, Russia","New Delhi, India","Jakarta, Indonesia","Cape Town, South Africa","Rio de Janeiro, Brazil"
214,What is the primary objective of the Asteroid Terrestrial-impact Last Alert System (ATLAS)?,Detecting solar flares,Tracking satellites,Searching for killer asteroids close to Earth,Monitoring black hole activity,Studying comets within our solar system,Searching for killer asteroids close to Earth
215,Which Indian school won the first prize in the NASA-NSS Space Settlement Design Contest 2025 for the 8th grade category?,"Delhi Public School, Bengaluru","S.R.N. Mehta CBSE School, Kalaburagi","Kendriya Vidyalaya, Hyderabad","The Doon School, Dehradun","National Public School, Chennai","S.R.N. Mehta CBSE School, Kalaburagi"
216,What is the name of India’s first National Biobank launched in July 2025 for health research?,GenIndia Biobank,Swasth Bharat Repository,Phenome India National Biobank,CSIR Gene Vault,Ayush Health Data Bank,Phenome India National Biobank
217,When is World Bioproduct Day observed every year?,June 5,July 1,July 7,August 12,October 16,July 7
218,The National Payments Corporation of India (NPCI) is developing which upgraded version of UPI to allow automated payments via smart devices?,UPI Lite 2.0,UPI for IoT,AutoPay UPI,UPI SmartPay,Bharat UPI Connect,UPI for IoT
219,Which country became the first in the Caribbean region to enable UPI services for Indian travellers?,Trinidad and Tobago,Sri Lanka,Mauritius,Bhutan,Fiji,Trinidad and Tobago
220,What is the name of the initiative launched by Startup Policy Forum to identify and support India’s top 100 deep-tech startups?,100DesiDeepTechs,IndiaDeepTech Mission,DesiTech100,Bharat Tech Foundry,DeepTech Bharat Yatra,100DesiDeepTechs
221,Which organization has signed an MoU with the Department of Empowerment of Persons with Disabilities to implement ‘Project Inclusion’?,NCERT,NIOS,Tata Institute of Social Sciences,Sri Aurobindo Society,Rehabilitation Council of India,Sri Aurobindo Society
222,Which company has become the first to integrate India Post's DIGIPIN system into its platform?,Google Maps,ISRO,Zomato,MapmyIndia,Ola,MapmyIndia
223,What is India’s target for the size of its bioeconomy by 2030?,$150 billion,$200 billion,$250 billion,$300 billion,$350 billion,$300 billion
224,Which ministry launched the ‘Kalaa Setu – Real-Time Language Tech for Bharat’ Challenge under the WaveX platform?,Ministry of Culture,Ministry of Electronics and IT,Ministry of Information and Broadcasting,Ministry of Education,Ministry of Skill Development,Ministry of Information and Broadcasting
225,Which state government has signed an MoU with Skymet Weather Services to implement the WINDS project for weather data and risk management?,Maharashtra,Gujarat,Odisha,Karnataka,Rajasthan,Odisha
226,Which civilian honour was conferred upon PM Narendra Modi by Namibia in July 2025?,Order of the Rising Sun,Order of the Baobab,Order of the Leopard,Order of the Most Ancient Welwitschia Mirabilis,Order of Unity,Order of the Most Ancient Welwitschia Mirabilis
227,What is the name of the AI-powered mosquito surveillance system launched as a pilot in Andhra Pradesh?,eMosquito,SMoSS,SmartGuard,VectorShield,MosBot,SMoSS
228,Who won the Formula 1 Qatar Airways British Grand Prix 2025?,Max Verstappen,Lewis Hamilton,Oscar Piastri,Charles Leclerc,Lando Norris,Lando Norris
229,What is the name of the first malaria drug approved specifically for newborns and infants weighing 2–5 kg?,Malarivon,Novababy,Coartem Baby,Infalaria,Artemsafe,Coartem Baby
230,Which ministry runs the National Overseas Scholarship (NOS) Scheme that funds higher education abroad for students from marginalized communities?,Ministry of External Affairs,Ministry of Education,Ministry of Skill Development and Entrepreneurship,Ministry of Social Justice and Empowerment,NITI Aayog,Ministry of Social Justice and Empowerment
231,"According to the 2025 edition of the Statistical Review of World Energy, which country became the world’s fourth-largest biofuel consumer in 2024, surpassing China?",Brazil,Germany,United States,India,Indonesia,India
232,Which Indian state has become the first to integrate a model predicting the possibility of TB deaths among patients into its elimination programme?,Maharashtra,Kerala,Tamil Nadu,Karnataka,Gujarat,Tamil Nadu
233,What is the name of the indigenous anti-submarine rocket system recently tested successfully by India?,BRAHMOS-NG,ERASR,NASM-MR,Varunastra,Astra-MK2,ERASR
234,Which district ranked 1st in the North Eastern Region (NER) SDG Index 2023- 24?,Champhai (Mizoram),Gomati (Tripura),Mokokchung (Nagaland),Hnahthial (Mizoram),Gangtok (Sikkim),Hnahthial (Mizoram)
235,Which country will host the 2025 Artistic Gymnastics World Championships scheduled from October 19 to 25?,Japan,Belgium,Indonesia,South Korea,France,Indonesia
236,Which Indian state police won the highest number of medals for India at the World Police and Fire Games 2025 held in the US?,Maharashtra Police,Delhi Police,Punjab Police,Uttar Pradesh Police,Haryana Police,Uttar Pradesh Police
237,Which Indian state recently launched the ‘Mukhya Mantri Pratigya’ scheme (CMPRATIGYA) to support youth skill training and internships with monthly financial aid?,Uttar Pradesh,Bihar,Rajasthan,Madhya Pradesh,Jharkhand,Bihar
238,Which French company acquired Indian BPM firm WNS in 2025 for $3.3 billion?,Deloitte,Atos,Capgemini,Accenture,CGI,Capgemini
239,What is the name of the first indigenously designed and built Diving Support Vessel delivered to the Indian Navy?,Samudra,Varun,Nistar,Rakshak,Prithvi,Nistar
240,"Guru Purnima, celebrated on the full moon day of Ashada month, marks the birth anniversary of which ancient sage?",Rishi Vishwamitra,Rishi Valmiki,Maharishi Ved Vyasa,Rishi Agastya,Gautam Buddha,Maharishi Ved Vyasa
241,How much dividend did Indian Bank pay to the Government of India for FY 2024–25?,"Rs.1,212 crore","Rs. 1,616.14 crore","Rs.1,500 crore","Rs.1,400 crore","Rs.1,800 crore","Rs. 1,616.14 crore"
242,How much capital does the Indian government plan to raise through QIPs by diluting stakes in PSBs during FY 2025–26?,"Rs 30,000 crore","Rs 45,000 crore","Rs 50,000 crore","Rs 60,000 crore","Rs 20,000 crore","Rs 45,000 crore"
243,Which state recorded the highest CAGR in GST collection between FY19 and FY25?,Maharashtra,Karnataka,Odisha,Haryana,Kerala,Odisha
244,"From July 16, Indian government departments must process payments above what amount through RBI's e-Kuber system?",Rs.500 crore,Rs.100 crore,Rs.75 crore,Rs.50 crore,Rs.25 crore,Rs.75 crore
245,What are Catastrophe Bonds (Cat Bonds) primarily used for?,To fund long-term infrastructure projects,To raise emergency funds for disasters by sharing risk with investors,To support education and health programs,To reduce inflation by controlling money supply,To promote foreign trade agreements,To raise emergency funds for disasters by sharing risk with investors
246,"What new technology is set to redefine the global standard for measuring a ""second""?",Quantum Entanglement Clocks,Caesium Atomic Clocks,Optical Atomic Clocks,Pulsar Timekeeping,Satellite Synchronised Clocks,Optical Atomic Clocks
247,Which company is set to become India’s first private firm to offer satellite communication services using a locally-built geostationary satellite?,Ananth Technologies Limited,Larsen & Toubro,Tata Advanced Systems,Bharat Electronics Limited,Hindustan Aeronautics Limited,Ananth Technologies Limited
248,Who became the first Indian sprinter to run the Men’s 100m in under 10.20 seconds?,Gurindervir Singh,Animesh Kujur,Amiya Kumar Mallick,Mohammed Anas,Amlan Borgohain,Animesh Kujur
249,Where was India’s first private Gati Shakti Cargo Terminal inaugurated recently?,Maharashtra,Rajasthan,Gujarat,Madhya Pradesh,Uttar Pradesh,Gujarat
250,Which Indian state launched the 'Mukhya Mantri Sehat Yojana' providing free and cashless medical treatment of up to Rs.10 lakh per year for every family?,Haryana,Delhi,Rajasthan,Punjab,Bihar,Punjab
251,What is the purpose of the Broadcasting Infrastructure and Network Development (BIND) Scheme?,To privatize broadcasting services,To promote private radio stations,To provide financial support to Prasar Bharati for infrastructure and content development,To establish private news networks,To regulate media advertisements,To provide financial support to Prasar Bharati for infrastructure and content development
252,"Who won the 2025 PEN Pinter Prize for her writing on migration, faith, and the lives of women?",Arundhati Roy,Chimamanda Ngozi Adichie,Leila Aboulela,Margaret Atwood,Jhumpa Lahiri,Leila Aboulela
253,How Many mines received the Seven-Star Rating for sustainable mining practices from the Ministry of Mines in 2025?,4,5,1,2,3,3
254,"What is the name of the book authored by Arvind Yadav on the 14th Dalai Lama, set to be released in September 2025?",Path of Peace,Eternal Light,Light of Wisdom,The Lama's Legacy,Spirit of Tibet,Eternal Light
255,Which state announced the development of Asia’s largest jungle safari in the Aravalli Hills?,Haryana,Gujarat,Rajasthan,Madhya Pradesh,Uttar Pradesh,Haryana
256,"Who is the author of the book ""Honest John: A Life of John Matthai""?",Syloo Matthai,Rajmohan Gandhi,Bakhtiar K. Dadabhoy,Jairam Ramesh,Gurcharan Das,Bakhtiar K. Dadabhoy
257,"What is the title of the book written by retired Army officer S.N. Ahmed, paying tribute to the postcard era?",Patra Ki Kahani,Das Paise ka Postcard,Yaadon ka Patra,Antim Chitthi,Sandeh Ka Safar,Das Paise ka Postcard
258,Who inaugurated the ASMITA Weightlifting League in Modinagar?,Anurag Thakur,Smriti Irani,Rajeev Chandrasekhar,Mansukh Mandaviya,Bhupender Yadav,Mansukh Mandaviya
259,How many Medium Altitude Long Endurance (MALE) drones has India approved for procurement to enhance border surveillance?,47,60,78,100,87,87
260,"According to Houlihan Lokey's report, which IPL franchise is the most valuable in 2024?",Mumbai Indians,Chennai Super Kings,Royal Challengers Bengaluru,Kolkata Knight Riders,Punjab Kings,Royal Challengers Bengaluru
261,"Which country will become the 21st member of the eurozone by adopting the euro from January 1, 2026?",Romania,Bulgaria,Serbia,Hungary,Poland,Bulgaria
262,Where will the 7th Regional Committee Meeting of ISA for the Asia-Pacific region be held in July 2025?,New Delhi,Kathmandu,Dhaka,Colombo,Jakarta,Colombo
263,What is the name of the initiative launched by NESTS and UNICEF India to support holistic development among EMRS students?,PRAGATI,UDAAN,TALASH,GATI,RISE,TALASH
264,"Whose 125th birth anniversary is being officially commemorated with a postage stamp and coin release from July 6, 2025 to July 6, 2027?",Dr. Rajendra Prasad,Sardar Vallabhbhai Patel,Syama Prasad Mookerjee,Bal Gangadhar Tilak,Lala Lajpat Rai,Syama Prasad Mookerjee
265,What is the new condition set by the Bihar Cabinet for women to claim the 35% reservation in state government jobs?,Age relaxation,Minimum education qualification,Domicile certificate mandatory,Income ceiling,Marital status proof,Domicile certificate mandatory
266,What is the theme of World Population Day 2025 observed on July 11?,Investing in Teenage Health,Rights and Choices are the Answer,Empowering youth for sustainable future,Empowering young people to create the families they want in a fair and hopeful world,Reproductive Health and Gender Equality,Empowering young people to create the families they want in a fair and hopeful world
267,Which company became the first to cross a $4 trillion market valuation milestone?,Nvidia,Microsoft,Apple,Alphabet,Amazon,Nvidia
268,Who has been appointed as the Chairperson of the Cellular Operators Association of India (COAI) for 2025-26?,Rahul Vatts,Sunil Bharti Mittal,Gopal Vittal,Abhijit Kishore,Akash Ambani,Abhijit Kishore
269,Which organisation recently authorised Starlink to operate broadband satellite services in India?,ISRO,TRAI,IN-SPACe,DoT,BARC,IN-SPACe
270,When will the International Conference on ‘Reclaiming India’s Knowledge Legacy Through Manuscript Heritage’ be held?,5–7 August 2025,11–13 September 2025,2–4 October 2025,15–17 November 2025,25–27 December 2025,11–13 September 2025
271,"Which greenfield smart industrial city did Japan's Ambassador to India, Mr. Keiichi Ono, recently visit with a delegation of Japanese companies?",Dholera SIR,GIFT City,Auric City,Noida Electronics City,Bengaluru ITIR,Dholera SIR
272,Which Indian healthcare technology company has partnered with Telecom Egypt to develop a national digital healthcare platform in Egypt?,Practo,Tata Digital Health,Medanta Digital Health,1mg Technologies,KareXpert Technologies,KareXpert Technologies
273,Who is the only Indian content creator featured in the TIME 100 Creators List 2025?,Jay Shetty,Samir Chaudry,Dhar Mann,Prajakta Koli,Michelle Khare,Prajakta Koli
274,Which city will host the ISSF Combined World Cup 2027 and Junior World Championships 2028?,Mumbai,New Delhi,Hyderabad,Bengaluru,Chennai,New Delhi
275,Who recently resigned as the CEO of Elon Musk-owned platform X (formerly Twitter)?,Sheryl Sandberg,Jenna Ferrua,Susan Wojcicki,Omead Afshar,Linda Yaccarino,Linda Yaccarino
276,Where did the Ministry of Tribal Affairs launch the first Regional Process Lab (RPL) under the Aadi KARMAYOGI – National Mission for Responsive Governance?,Hyderabad,Bhopal,Bengaluru,Ranchi,Bhubaneswar,Bengaluru
277,What is the purpose of Google’s recently launched Agricultural Monitoring and Event Detection (AMED) API?,To track global weather patterns,To provide field-level crop monitoring and agricultural event detection in India,To analyze stock market data for agri-businesses,To monitor livestock activities in rural areas,To provide subsidies directly to farmers,To provide field-level crop monitoring and agricultural event detection in India
278,What is the bilateral trade target set between India and Brazil by 2030?,$10 Billion,$15 Billion,$20 Billion,$25 Billion,$30 Billion,$20 Billion
279,Indian Railways signed an MoU with DFCCIL for the installation of which modern system to monitor the health of rolling stock?,Automated Brake Testing System,Machine Vision Based Inspection System (MVIS),Infrared Fault Detection System,Ultrasonic Track Inspection System,Smart Coach Monitoring System,Machine Vision Based Inspection System (MVIS)
280,Who is known as “NASABlueberry” and is one of the strongest aspirants for NASA’s first human mission to Mars in the 2030s?,Christina Koch,Jessica Watkins,Alyssa Carson,Peggy Whitson,Sunita Williams,Alyssa Carson
281,When was India’s first-ever incentive scheme for e-trucks launched to promote clean freight mobility?,5 July 2025,11 July 2025,15 August 2025,1 September 2025,30 June 2025,11 July 2025
282,From where did scientists recently extract 18–20 million-year-old enamel proteins from extinct mammal fossils?,Lake Victoria Basin,Great Rift Valley,Lake Turkana Basin,Congo Basin,Sahara Desert,Lake Turkana Basin
283,Which city is hosting the 27th Eastern Zonal Council Meeting chaired by Amit Shah?,Patna,Kolkata,Bhubaneswar,Ranchi,Raipur,Ranchi
284,"Which former MP and MLA from Gonda, known as the “UP Tiger,” recently passed away?",Kunwar Anand Singh,Raja Raghvendra Pratap Singh,Brij Bhushan Sharan Singh,Vir Bahadur Singh,Rajnath Singh,Kunwar Anand Singh
285,When is the International Day of Combating Sand and Dust Storms observed?,5 June,17 June,15 September,25 August,12 July,12 July
286,Why is 12th July observed as Malala Day?,To celebrate women's right to vote,To honor Malala Yousafzai’s contribution to girls' education,To recognize Nobel Prize winners from Pakistan,To promote anti-terrorism awareness,To commemorate International Literacy Day,To honor Malala Yousafzai’s contribution to girls' education
287,"As per SEBI norms, how much stake does the government need to offload in LIC to meet the 10% public shareholding mandate by May 16, 2027?",3.5%,10%,6.5%,5%,4.5%,6.5%
288,"According to NPCI data for June 2025, which platform processed the highest number of UPI transactions in India?",PhonePe,Google Pay,Paytm,Amazon Pay,BHIM,PhonePe
289,Why did the Reserve Bank of India impose a Rs.2.70 lakh penalty on Shriram Finance Limited in 2025?,For KYC non-compliance,For routing loan repayments through a third-party account,For NPA misclassification,For issuing loans without collateral,For violating CRR norms,For routing loan repayments through a third-party account
290,Which bank recently withdrew the 'fraud' classification on Reliance Communications' loan account after a court stay?,SBI,Union Bank,Canara Bank,PNB,Bank of Baroda,Canara Bank
291,"Which state recently passed the Special Public Security Bill, 2024 aimed at curbing unlawful activities of Left-Wing Extremist organisations?",Maharashtra,Telangana,Andhra Pradesh,Jharkhand,Odisha,Maharashtra
292,Where was the Dholpur Science Centre inaugurated to promote innovation and scientific learning among youth?,"Jaipur, Rajasthan","Dholpur, Rajasthan","Jodhpur, Rajasthan","Udaipur, Rajasthan","Kota, Rajasthan","Dholpur, Rajasthan"
293,Which of the following products from Bihar has NOT been added to the e- NAM platform recently?,Shahi Litchi,Marcha Rice,Katarni Rice,Kala Namak Rice,Jardaalu Mango,Kala Namak Rice
294,"What is the current FIFA ranking of the Indian men’s football team as of June 2025, marking its lowest position in nine years?",127,135,94,120,133,133
295,Which Indian heritage site was recently inscribed as India’s 44th UNESCO World Heritage Site in 2025?,Kakatiya Rudreshwara Temple,Maratha Military Landscapes of India,Sacred Ensembles of Hoysalas,Satpura Tiger Reserve,Majuli River Island,Maratha Military Landscapes of India
296,"Who became the first batter to score 3,000 Test runs against India?",Steve Smith,Ricky Ponting,Joe Root,Alastair Cook,Kane Williamson,Joe Root
297,Which state has recently approved the Gaja Mitra Scheme to tackle human- elephant conflict?,Karnataka,Odisha,Assam,Kerala,West Bengal,Assam
298,Who won the 2025 United Nations Population Award in the individual category?,Sunitha Krishnan,Varsha Deshpande,Kailash Satyarthi,Vandana Shiva,Aruna Roy,Varsha Deshpande
299,Who inaugurated the new state-of-the-art office of MSTC Limited and launched the Upkaran E-Portal?,Jyotiraditya Scindia,H.D. Kumaraswamy,Nitin Gadkari,Piyush Goyal,Rajnath Singh,H.D. Kumaraswamy
300,Which state will plant over 5 lakh saplings on 16th July to mark the Harela festival?,Himachal Pradesh,Uttarakhand,Sikkim,Assam,Manipur,Uttarakhand
301,What is the Indian government promoting as an alternative to Jhum cultivation in North-East India?,Terrace Farming,Organic Farming,Settled Farming,Mixed Farming,Hydroponics,Settled Farming
302,What is the name of the operation launched by Uttarakhand Police to target individuals impersonating saints and cheating the public?,Operation Dharmrakshak,Operation Sadbhavana,Operation Kalanemi,Operation Shuddhi,Operation Tapasya,Operation Kalanemi
303,Which Indian state has collected the highest amount under the District Mineral Foundation (DMF) fund?,Jharkhand,Rajasthan,Odisha,Madhya Pradesh,Chhattisgarh,Odisha
304,Which three African World Heritage Sites were recently removed from NESCO’s List of World Heritage in Danger?,"Pyramids of Giza, Serengeti National Park, Timbuktu","Abu Mena, Rainforests of the Atsinanana, Old Town of Ghadamès","Great Zimbabwe, Kilimanjaro National Park, Okavango Delta","Luxor Temple, Victoria Falls, Lalibela Churches","Djenné Mosque, Bwindi Forest, Sahara Rock Art","Abu Mena, Rainforests of the Atsinanana, Old Town of Ghadamès"
305,Who has been conferred the Chintha Raveendran Award for 2025?,Bhalchandra Nemade,Sarankumar Limbale,Shanta Gokhale,Laxman Gaikwad,Namdeo Dhasal,Sarankumar Limbale
306,With which organization has the Indian Navy signed an agreement to implement the National Maritime Domain Awareness (NMDA) Project?,Hindustan Aeronautics Limited (HAL),Bharat Electronics Limited (BEL),DRDO,Larsen & Toubro (L&T),Tata Advanced Systems,Bharat Electronics Limited (BEL)
307,What does France celebrate on Bastille Day?,French Independence from Britain,End of World War II,Storming of the Bastille prison,Coronation of Napoleon Bonaparte,Signing of the Treaty of Versailles,Storming of the Bastille prison
308,Who has been appointed to the Board of Directors of the United States-India Strategic Partnership Forum (USISPF) in 2025?,Mukesh Ambani,Gautam Adani,Kumar Mangalam Birla,Natarajan Chandrasekaran,Sunil Bharti Mittal,Kumar Mangalam Birla
309,"By what percentage did India’s net direct tax collection fall between April 1 and July 10, 2025?",1.3%,0.5%,2.7%,3.8%,4.5%,1.3%
310,The RBI’s draft norms for the closure of shipping bills in EDPMS allow relaxed procedures for bills of what maximum value per shipping bill?,Rs.5 lakh,Rs.10 lakh,Rs.15 lakh,Rs.20 lakh,Rs.25 lakh,Rs.10 lakh
311,"As per recent government and RBI discussions, how many Indian banks are currently ranked among the top 100 global banks by total assets?",1,5,3,4,2,2
312,Which two companies have partnered to offer discounts to Tata NeuCard users on Zomato orders?,Swiggy & ICICI Bank,Zomato & Paytm,Zomato & HDFC Bank,Zomato & Tata Digital,HDFC Bank & PhonePe,Zomato & Tata Digital
313,Where did ISRO conduct the short-duration hot tests of the Gaganyaan Service Module Propulsion System (SMPS)?,"Satish Dhawan Space Centre, Sriharikota","ISRO Propulsion Complex, Mahendragiri","Vikram Sarabhai Space Centre, Thiruvananthapuram","Space Applications Centre, Ahmedabad","U R Rao Satellite Centre, Bengaluru","ISRO Propulsion Complex, Mahendragiri"
314,Which Indian agency carried out the rescue operation for the U.S. sailing vessel 'Sea Angel' near Andaman & Nicobar Islands?,Indian Navy,Indian Coast Guard,National Disaster Response Force,Indian Air Force,Shipping Corporation of India,Indian Coast Guard
315,"Recently, how much worth of transformative projects were inaugurated by Finance Minister Nirmala Sitharaman in Meghalaya?",Rs.987.81 crore,"Rs.2,087 crore","Rs.5,400 crore","Rs.1,500 crore","Rs.1,087.81 crore","Rs.1,087.81 crore"
316,"According to Forbes America’s Richest Immigrants 2025 report, which country is the top source of immigrant billionaires in the USA?",China,Israel,Taiwan,India,Germany,India
317,What is the name of the new smart card being introduced by Delhi Transport Corporation (DTC) to provide free bus travel to verified women and transgender residents?,Shakti Card,Mahila Mobility Card,Saheli Smart Card,Dilli Travel Pass,Freedom Pass,Saheli Smart Card
318,Who among the following is NOT one of the four personalities recently nominated by President Droupadi Murmu to the Rajya Sabha in 2025?,Ujjwal Deorao Nikam,Harsh Vardhan Shringla,C Sadanandan Master,Dr Meenakshi Jain,Raghuram Rajan,Raghuram Rajan
319,How much subsidy has the Indian government proposed to boost rare earth magnets production?,"Rs.1,000 crore","Rs.1,200 crore","Rs.1,345 crore","Rs.1,500 crore","Rs.1,245 crore","Rs.1,345 crore"
320,What is the name of India’s first indigenous Beyond Visual Range Air-to-Air Missile (BVRAAM) successfully test-fired by DRDO and the Indian Air Force?,Agni Air,Astra,Akash,Trishul,Varunastra,Astra
321,"Where was the 11th India Maize Summit held, and what is the maize production target set for 2047?",Mumbai; 50 million tonnes,New Delhi; 86 million tonnes,Hyderabad; 75 million tonnes,Bengaluru; 60 million tonnes,Kolkata; 90 million tonnes,New Delhi; 86 million tonnes
322,Which new online portal has been launched by the Department of Empowerment of Persons with Disabilities for DDRS and DDRC proposals?,grants-msje.gov.in,grants.depwd.gov.in,e-sarthi.gov.in,divyangportal.gov.in,ddrs-online.gov.in,grants.depwd.gov.in
323,Till which date has the tenure of Union Home Secretary Govind Mohan been extended?,30 September 2024,31 December 2025,22 August 2026,23 August 2024,1 January 2026,22 August 2026
324,Who has been conferred with the ‘Hem Bahadur Malla Award 2080’ in Nepal?,Hari Prasad Sharma,Kalyan Shrestha,Prakashman Singh Raut,Sushila Karki,Deepak Raj Joshee,Kalyan Shrestha
325,Where was the Uttar Pradesh Agritech Innovation Hub and the Agritech Startup & Technology Showcase inaugurated?,"Sardar Vallabhbhai Patel University of Agriculture & Technology, Meerut","Banaras Hindu University, Varanasi",IIT Kanpur,Lucknow University,"CSA University of Agriculture, KanPur","Sardar Vallabhbhai Patel University of Agriculture & Technology, Meerut"
326,"Recently, Union Finance Minister Nirmala Sitharaman launched infrastructure projects worth how much in Meghalaya?",Rs.800 crore,"Rs.1,000 crore","Rs.1,200 crore","Rs.1,500 crore","Rs.2,000 crore","Rs.1,500 crore"
327,Who won the Wimbledon 2025 Men’s Singles Title?,Carlos Alcaraz,Novak Djokovic,Alexander Zverev,Jannik Sinner,Daniil Medvedev,Jannik Sinner
328,What is the name of the security operation launched by the Indian Army for the safe conduct of the Amarnath Yatra 2025?,Operation Trinetra,Operation Amarnath,Operation SHIVA,Operation Suraksha,Operation Raksha,Operation SHIVA
329,Which two teams from Europe qualified for the ICC Men’s T20 World Cup 2026 on the final day of the Europe Qualifiers?,Scotland and Netherlands,Germany and Italy,Italy and Netherlands,Ireland and Scotland,Germany and Scotland,Italy and Netherlands
330,Who won the Wimbledon 2025 Women’s Singles Title?,Amanda Anisimova,Aryna Sabalenka,Coco Gauff,Iga Swiatek,Elena Rybakina,Iga Swiatek
331,What was India’s Wholesale Price Index (WPI) inflation rate in June 2025?,0.39%,3.43%,-0.13%,2.05%,2.31%,-0.13%
332,What is the name of the new insurance sector index launched by Asia Index Private Limited?,BSE Financial Index,BSE Insurance Index,BSE Banking & Insurance Index,India Insurance Benchmark,BSE Secure Index,BSE Insurance Index
333,What is the name of the next-generation payment gateway launched by Computer Age Management Services (CAMS)?,CAMSPay Payment Gateway,CAMS ClickPay,CAMSPay Direct,CAMS SecurePay,CAMS Express Gateway,CAMSPay Payment Gateway
334,"What was India’s Consumer Price Index (CPI) inflation rate in June 2025, marking a 6-year low?",2.10%,1.97%,2.82%,2.05%,3.00%,2.10%
335,"How many services are now included in the updated Citizen’s Charter of RBI as of July 1, 2025?",133,58,180,204,150,204
336,"Who has been appointed as the new Managing Director and CEO of GIFT City Company Limited, Gandhinagar?",Tapan Ray,Sanjay Kaul,Ramesh Chand,Rajesh Kumar Singh,Ajay Bhushan Pandey,Sanjay Kaul
337,"According to the 2024 Economic Impact Trends (EIR) Report, what is India’s rank in Travel & Tourism sector contribution to GDP?",5th,6th,7th,8th,12th,8th
338,"What is the objective of Project Janam Shakti, recently implemented in Ferozepur, Punjab?",Provide free education to pregnant women,Reduce maternal mortality and ensure better natal care,Promote home-based deliveries,Increase women’s employment in healthcare,Launch a nutrition drive for infants,Reduce maternal mortality and ensure better natal care
339,Which football club won the FIFA Club World Cup 2025 by defeating PSG 3-0 in the final?,Real Madrid,Chelsea,Manchester City,Bayern Munich,AC Milan,Chelsea
340,Which institute has signed an MoU with the Ministry of Electronics and Information Technology (MeitY) to launch an 8-week Professional Development Program in Cybersecurity?,IIT Delhi,IIIT Hyderabad,BITS Pilani,NIT Trichy,IISc Bengaluru,BITS Pilani
341,What is the name of the recent military drill conducted by the Indian Army in Meerut focusing on modern warfare technologies?,Vajra Shakti,Prachand Shakti,Garuda Shakti,Shatrujeet Shakti,Sudarshan Shakti,Prachand Shakti
342,"Who has been appointed as the 20th Governor of Goa, replacing P S Sreedharan Pillai?",Kavinder Gupta,Pusapati Ashok Gajapathi Raju,Professor Ashim Kumar Ghosh,Bandaru Dattatreya,Brigadier (Retd.) B.D. Mishra,Pusapati Ashok Gajapathi Raju
343,"Which military exercise is India participating in along with 18 other nations, led by Australia, that began on July 13, 2025?",Rim of the Pacific (RIMPAC),Talisman Sabre 2025,Cobra Gold,Pitch Black,Malabar Exercise,Talisman Sabre 2025
344,Where is the 2nd BIMSTEC Ports Conclave being held in July 2025?,Kolkata,Visakhapatnam,Chennai,Colombo,Bangkok,Visakhapatnam
345,Who has become the first woman Director General of the Railway Protection Force (RPF)?,Archana Ramasundaram,Sonali Mishra,Rekha Sharma,Kiran Bedi,Smita Sabharwal,Sonali Mishra
346,Which company recently received final regulatory approval from IN-SPACe to offer commercial satellite broadband services in India?,OneWeb,Jio-SES JV,Starlink Satellite Communications Pvt. Lt,D. Hughes Communications,Viasat,Starlink Satellite Communications Pvt. Lt
347,"India has achieved what milestone in its energy transition journey, five years ahead of its Nationally Determined Contributions (NDC) target?",40% of electricity capacity from renewables,50% of installed electricity capacity from non-fossil fuels,100 GW solar power installed,Net-zero emissions achieved,300 GW wind power capacity,50% of installed electricity capacity from non-fossil fuels
348,Who was the 114-year-old marathon runner known as the “Turbaned Tornado” who recently passed away in a road accident?,Milkha Singh,Fauja Singh,Gurbachan Singh Randhawa,Sardar Singh,Harbhajan Singh,Fauja Singh
349,What is the name of the next-generation Shinkansen train set to be introduced in the Mumbai-Ahmedabad Bullet Train Project in collaboration with Japan?,E5 Shinkansen,E6 Shinkansen,E10 Shinkansen,N700 Shinkansen,E7 Shinkansen,E10 Shinkansen
350,"Which veteran actor-producer, known for films like Heera Panna, Roti Kapada Aur Makaan, and Kranti, recently passed away at the age of 79?",Dheeraj Kumar,Prem Chopra,Dharmendra,Raj Babbar,Raza Murad,Dheeraj Kumar
351,On which date was the National Cadet Corps (NCC) formally inaugurated in independent India?,26 January 1950,15 August 1947,15 July 1948,16 April 1948,1 July 1949,15 July 1948
352,Which state won the IESA Industry Excellence Award 2025 for State Leadership in Battery Manufacturing during the 11th India Energy Storage Week (IESW)?,Telangana,Maharashtra,Gujarat,Karnataka,Odisha,Telangana
353,What is the theme of World Youth Skills Day 2025?,Youth Empowerment through AI and Digital Skills,Building Skills for a Better Future,Skilling the Youth for Green Jobs,Transforming Education for Skills Development,Skills for Inclusive Growth,Youth Empowerment through AI and Digital Skills
354,"Which two Cyprus-based firms announced a Rs.10,000 crore investment in the Indian shipping industry in 2025?",Maersk Line & COSCO,Interorient Navigation & Danship & Partners,MSC Shipping & CMA CGM,Evergreen Marine & HMM Co Ltd,NYK Line & K Line,Interorient Navigation & Danship & Partners
355,Which Taiwanese bank has recently applied to set up an IFSC Banking Unit in GIFT City?,Fubon Bank,Taiwan Bank,E.SUN Bank,Mega Bank,CTBC Bank,CTBC Bank
356,Who has been appointed as the Interim MD & CEO of Karnataka Bank?,Srikrishnan Hari Hara Sarma,Raghavendra Srinivas Bhat,Sanjay Kaul,Tapan Ray,Rajesh KuLmar,Raghavendra Srinivas Bhat
357,Which new credit rating agency has RBI allowed banks to use for rating non- resident corporations in IFSCs under amended Basel III norms?,CRISIL,ICRA,CareEdge Global IFSC Limited,Fitch Ratings,Moody’s,CareEdge Global IFSC Limited
358,What is the name of the national-level competition launched by NSO and the Ministry of Education’s Innovation Cell to promote data innovation?,Data Challenge India,Viksit Bharat Hackathon,Statathon – A Data Journey Towards Viksit Bharat,Digital Census Innovation Drive,Bharat Data Quest,Statathon – A Data Journey Towards Viksit Bharat
359,What is the global rank of India’s National Stock Exchange (NSE) in IPO fundraising during the first half of 2025?,1st,2nd,3rd,4th,5th,4th
360,How much investment has BITS Pilani planned for setting up the new AI+ campus at Amaravati?,"Rs.1,000 crore","Rs.2,000 crore","Rs.2,319 crore","Rs.1,319 crore","Rs.2,500 crore","Rs.2,319 crore"
361,Which Indian state became the first to support the Cruise Bharat Mission by framing a dedicated Cruise Shipping Policy?,Maharashtra,Gujarat,Goa,Kerala,Tamil Nadu,Gujarat
362,Which organization has developed India’s first cost-effective advanced Carbon Fibre Foot Prosthesis under the Make-in-India initiative?,ISRO & AIIMS Delhi,DRDO-DRDL & AIIMS Bibinagar,BARC & IIT Bombay,HAL & NIMHANS Bengaluru,CSIR & AIIMS Raipur,DRDO-DRDL & AIIMS Bibinagar
363,The Government is set to issue a commemorative coin in honor of which Indian personality known as the Father of Green Revolution?,Verghese Kurien,M.S. Swaminathan,M. Visvesvaraya,N.T. Rama Rao,A.P.J. Abdul Kalam,M.S. Swaminathan
364,What is the name of the scheme launched by the Department of Telecommunications to promote telecom awareness through student volunteers?,Digital Doot Scheme,Sanchar Mitra Scheme,Cyber Yoddha Scheme,Telecom Sevak Yojana,Digital Rakshak Programme,Sanchar Mitra Scheme
365,"Where was India’s second longest cable-stayed bridge, the Sigandur Bridge, recently inaugurated?",Gujarat,Karnataka,Maharashtra,Kerala,Andhra Pradesh,Karnataka
366,"As per the recent announcement, what will be the new monthly assistance amount under the Ladli Behna Scheme in Madhya Pradesh from October 2025?",Rs.1000,Rs.1250,Rs.1500,Rs.2000,Rs.2500,Rs.1500
367,Which global fashion brand is partnering with Maharashtra artisans to produce Kolhapuri-inspired sandals?,Gucci,Louis Vuitton,Prada,Armani,Versace,Prada
368,Where did Union Minister Nirmala Sitharaman inaugurate the ‘North-East Conclave 2025’?,IIT Guwahati,IIM Shillong,NIT Manipur,Tripura University,Assam University,IIM Shillong
369,Where was India’s first-ever water technology park ‘Aqua Tech Park’ inaugurated in 2025?,"Bengaluru, Karnataka","Kochi, Kerala","Bagibari, Sonapur, Assam","Hyderabad, Telangana","Bhubaneswar, Odisha","Bagibari, Sonapur, Assam"
370,Where was India’s first-ever commercial hydrogen fuel cell bus service launched?,Sikkim,Ladakh,Himachal Pradesh,Uttarakhand,Arunachal Pradesh,Ladakh
371,Which global organization recently released a technical brief recognizing India’s leadership in integrating AI with traditional medicine?,World Health Organisation (WHO),World Economic Forum,UNESCO,United Nations Development Programme (UNDP),International Telecommunication Union (ITU),World Health Organisation (WHO)
372,Where was the 75th Pradhan Mantri Divyasha Kendra (PMDK) inaugurated?,"Lucknow, Uttar Pradesh","Kanpur, Uttar Pradesh","Badaun, Uttar Pradesh","Varanasi, Uttar Pradesh","Agra, Uttar Pradesh","Badaun, Uttar Pradesh"
373,India recently signed a fertiliser supply deal with which country's company for 3.1 million MT of DAP annually?,Saudi Arabia,Russia,China,UAE,Iran,Saudi Arabia
374,"Who among the following is popularly known as the ""Kingmaker"" in Indian politics and proposed the famous 'Kamaraj Plan'?",C. Rajagopalachari,K. Kamaraj,Morarji Desai,Lal Bahadur Shastri,Jagjivan Ram,K. Kamaraj
375,How many medals did Indian cueists win at the inaugural Billiards Championships 2025 held in Mauritius?,3,4,5,6,2,5
376,What is the name of the scheme launched by SEBI in 2025 to aid the settlement of violations related to the winding-up provisions of migrated Venture Capital Funds (VCFs)?,VCF Resolution Scheme 2025,Venture Capital Closure Scheme,Venture Capital Fund Settlement Scheme 2025,SEBI Fund Liquidation Plan,Alternative Investment Regularisation Scheme,Venture Capital Fund Settlement Scheme 2025
377,"UIDAI has urged parents to complete the Aadhaar biometric update for children in which age bracket, free of cost?",3 to 5 years,6 to 8 years,0 to 5 years,5 to 7 years,7 to 10 years,5 to 7 years
378,How much is SBI planning to raise via QIP route in FY26?,"Rs.10,000 crore","Rs.15,000 crore","Rs.22,560 crore","Rs.25,000 crore","Rs.30,000 crore","Rs.25,000 crore"
379,Which company recently received in-principle approval from the Reserve Bank of India (RBI) to operate as a Payment Aggregator for Cross-Border (PA-CB) transactions?,Skydo,BriskPe,EximPe,Pay10,Worldline,EximPe
380,What is the name of the unified portal launched by NABARD to support rural tech start-ups?,AgriTech Bharat,KrishiConnect,RuralTech CoLab,NABARD Innovate,GramTech Hub,RuralTech CoLab
381,Which Japanese bank recently increased its stake in Yes Bank to just under 25%?,Mitsubishi UFJ Financial Group,Sumitomo Mitsui Banking Corporation (SMBC),Mizuho Bank,Japan Post Bank,Resona Holdings,Sumitomo Mitsui Banking Corporation (SMBC)
382,What was the food inflation rate in India for June 2025 over June 2024 as per the Consumer Food Price Index (CFPI)?,-0.85%,-0.92%,-1.06%,-1.22%,2.10%,-1.06%
383,Which two financial groups have announced a joint venture to provide wealth management services to affluent individuals in Japan?,SBI Holdings and Mitsubishi UFJ Financial Group,Sumitomo Mitsui Financial Group and SBI Holdings,State Bank of India and SoftBank Group,Nomura Holdings and SBI Holdings,Sumitomo Mitsui Financial Group and Daiwa Securities,Sumitomo Mitsui Financial Group and SBI Holdings
384,Who has recently announced the prestigious Prime Minister Professorships aimed at fostering research and innovation in emerging institutions?,University Grants Commission (UGC),Anusandhan National Research Foundation (ANRF),Ministry of Education,Indian National Science Academy (INSA),Council of Scientific and Industrial Research (CSIR),Anusandhan National Research Foundation (ANRF)
385,Who became the first Indian to visit the International Space Station (ISS)?,Rakesh Sharma,Kalpana Chawla,Shubhanshu Shukla,Sunita Williams,Rajesh Sharma,Shubhanshu Shukla
386,Which state emerged as the top performer in the National One District One Product (ODOP) Awards 2024?,Uttar Pradesh,Gujarat,Andhra Pradesh,Maharashtra,Tamil Nadu,Andhra Pradesh
387,Which company has received a special exemption from investment guidelines to boost renewable energy capacity development?,NTPC Limited,NLC India Limited,ONGC,Power Grid Corporation,GAIL India,NLC India Limited
388,"What is the name of the new agriculture scheme approved by the Cabinet in 2025 with an annual outlay of Rs.24,000 crore?",PM Krishi Samriddhi Yojana,PM Dhan-Dhaanya Krishi Yojana,PM Krishi Unnati Abhiyan,PM Agro Development Scheme,Krishi Kalyan Yojana,PM Dhan-Dhaanya Krishi Yojana
389,"Which state recently introduced the Punjab Prevention of Offences Against Holy Scripture(s) Bill, 2025 to ensure stringent punishment for sacrilege?",Haryana,Rajasthan,Punjab,Uttar Pradesh,Madhya Pradesh,Punjab
390,Which team won the 2025 Major League Cricket (MLC) title by defeating Washington Freedom?,Seattle Orcas,MI New York,San Francisco Unicorns,Texas Super Kings,Los Angeles Knight Riders,MI New York
391,Where was the sacred Behdeinkhlam Festival recently celebrated?,Shillong,Tura,Jowai,Nongpoh,Cherrapunji,Jowai
392,In which country did Reliance Consumer Products Limited (RCPL) launch the iconic Indian soft drink brand Campa in partnership with Chaudhary Group?,Bangladesh,Sri Lanka,Bhutan,Nepal,UAE,Nepal
393,What is the name of the scheme launched by the Ministry of Power to promote the adoption of energy-efficient technologies in industries and MSMEs?,Ujala Plus Scheme,ADEETIE Scheme,Green Energy India Program,Urja Shakti Abhiyan,Smart Energy Mission,ADEETIE Scheme
394,Which city topped the QS Best Student Cities 2026 Rankings?,London,Tokyo,Seoul,Paris,New York,Seoul
395,Which Indian state launched the country’s first Roll-on/Roll-off (RoRo) ferry service on the Mandovi River?,Kerala,Maharashtra,Andhra Pradesh,Gujarat,Goa,Goa
396,"Which city recently launched Project SARTHI, an AI-based Smart Traffic Management System?",Hyderabad,Pune,Bengaluru,Chennai,Visakhapatnam,Visakhapatnam
397,How many grassland bird species were recorded in Kaziranga National Park and Tiger Reserve during the recent survey?,43,36,57,82,69,43
398,"Who was Dr. Deepak Tilak, who recently passed away in Pune?",Chancellor of Tilak Maharashtra Vidyapeeth,Renowned Sanskrit Scholar,Former Governor of Maharashtra,Freedom Fighter and Social Activist,Eminent Economist,Chancellor of Tilak Maharashtra Vidyapeeth
399,"How many Indian banks are now part of the UPI-PayNow linkage between India and Singapore as of July 17, 2025?",13,15,17,19,21,19
400,How much investment has L&T announced for its Katupalli ship-building complex near Chennai?,Rs.500 crore,Rs.800 crore,"Rs.1,000 crore","Rs.1,500 crore","Rs.2,000 crore","Rs.1,000 crore"
401,How much fund will SBI raise via Basel III compliant bonds in FY26?,"Rs.10,000 crore","Rs.15,000 crore","Rs.20,000 crore","Rs.25,000 crore","Rs.30,000 crore","Rs.20,000 crore"
402,Which of the following initiatives was NOT launched by NABARD during its 44th Foundation Day celebration in Chennai?,RuralTech CoLab,NIVARAN Grievance Redressal System,Rural Infrastructure Development Fund (RIDF),Graduated Rural Income Generation Programme (GRIP),Radio Jingle for Financial Inclusion,Rural Infrastructure Development Fund (RIDF)
403,"Which Indian bank will consider issuing bonus shares for the first time on July 19, 2025?",SBI,ICICI Bank,Axis Bank,HDFC Bank,Yes Bank,HDFC Bank
404,Who is leading the IRDAI committee formed to assess the prohibition on mergers between insurance and non-insurance companies?,T. S. Ramakrishnan,Dinesh Kumar Khara,R. Doraiswamy,Ajay Tyagi,Subhash Chandra Khuntia,Dinesh Kumar Khara
405,Who was honored with the Kalinga Ratna Award 2024 during the 600th birth anniversary celebrations of Adikabi Sarala Das?,Dharmendra Pradhan,Bijaya Nayak,Droupadi Murmu,Gopabandhu Das,Nandini Satpathy,Dharmendra Pradhan
406,"Who has been given a one-year extension as Chairman and Managing Director (CMD) of NTPC Limited till July 31, 2026?",Gurdeep Singh,Anil Kumar Jain,Alok Kumar,Rajesh Kumar Singh,Praveer Sinha,Gurdeep Singh
407,"According to the UN SDG Report 2025, what percentage of measurable Sustainable Development Goals (SDG) targets are currently stagnating or reversing?",35%,25%,20%,50%,65%,35%
408,"As per the ANSR report, how many Fortune Global 500 companies had set up GCCs in India as of June 2025?",109,174,142,200,83,174
409,Which authority has recently directed State Adoption Resource Agencies (SARAs) to institutionalize structured counselling services throughout the adoption process?,National Commission for Protection of Child Rights (NCPCR),Central Adoption Resource Authority (CARA),Ministry of Home Affairs,National Institute of Social Defence (NISD),Indian Council of Child Welfare,Central Adoption Resource Authority (CARA)
410,Which veteran West Indies all-rounder recently announced his retirement from international cricket in 2025?,Kieron Pollard,Dwayne Bravo,Andre Russell,Chris Gayle,Sunil Narine,Andre Russell
411,Who has been appointed as the Co-owner and Brand Ambassador of India’s first city-based franchise golf league (IGPL)?,Sachin Tendulkar,Yuvraj Singh,Kapil Dev,MS Dhoni,Virender Sehwag,Yuvraj Singh
412,What is the official name of the recently passed Maharashtra Bill aimed at tackling urban Maoist activities?,"Maharashtra Urban Security Act, 2025","Maharashtra Left-Wing Extremism Prevention Act, 2025","Maharashtra Special Public Security (MSPS) Bill, 2025","Maharashtra Anti-Terrorism Bill, 2025","Maharashtra Peace and Order Act, 2025","Maharashtra Special Public Security (MSPS) Bill, 2025"
413,Where did the Indian Army successfully conduct trials of the Akash Prime air defence system in July 2025?,Sikkim,Arunachal Pradesh,Ladakh,Rajasthan,Punjab,Ladakh
414,Which missile system has India recently requested for co-production with the United States?,Spike ATGM,Javelin ATGM,Stinger Missile,Hellfire Missile,Patriot Missile,Javelin ATGM
415,From which company did India receive the second GE F404-IN20 engine for the Tejas Mk1A programme?,Rolls-Royce Aerospace,Pratt & Whitney,Boeing Defense,Safran Aircraft Engines,General Electric Aerospace,General Electric Aerospace
416,What is the core principle behind Maglev (Magnetic Levitation) technology recently tested by China?,Use of jet propulsion for high-speed trains,Electromagnetic levitation to reduce friction,Solar-powered tracks for transportation,Magnetic brakes for emergency stopping,Pneumatic propulsion in vacuum tubes,Electromagnetic levitation to reduce friction
417,"As of June 2025, what is the actual share of clean energy in India’s electricity supply despite having 50% installed capacity from non-fossil sources?",50%,40%,30%,28%,75%,28%
418,When is the World Day for International Justice observed?,15th July,17th July,20th July,10th December,24th October,17th July
419,Who has been appointed as the new Executive Director (ED) of Axis Bank for a term of three years?,Neeraj Gambhir,Sandeep Bakhshi,Arjun Chowdhry,Amitabh Chaudhry,Shikha Sharma,Neeraj Gambhir
420,"When was NSDL Payments Bank Limited included in the Second Schedule of the RBI Act, 1934?","July 17, 2025","July 10, 2025","June 19, 2025","July 01, 2025","June 30, 2025","June 19, 2025"
421,Which major UK bank became the first to exit the Net Zero Banking Alliance (NZBA) in 2025?,Barclays,Lloyds Bank,NatWest,Standard Chartered,HSBC,HSBC
422,Which bank has been adjudged the World's Best Consumer Bank for 2025 by Global Finance?,HDFC Bank,Axis Bank,ICICI Bank,State Bank of India,Bank of Baroda,State Bank of India
423,Which country co-chaired the recent high-level meeting of the Group of Friends for Accountability for Crimes Against Peacekeepers at the UN?,United States,China,India,Russia,Japan,India
424,Who topped the Avendus Wealth–Hurun India U30 List 2025 as the youngest entrepreneurs?,Nikhil Kamath,Aadit Palicha and Kaivalya Vohra,Ritesh Agarwal,Bhavish Aggarwal,Peyush Bansal,Aadit Palicha and Kaivalya Vohra
425,"What is the name of the annual maritime exercise between India and Singapore, in which the Indian Navy is participating for the 32nd time in 2025?",MILAN,SIMBEX,Malabar,VARUNA,INDRA NAVY,SIMBEX
426,What rare astronomical phenomenon was observed in Ladakh in May 2024 due to a series of Coronal Mass Ejections (CMEs)?,Solar Eclipse,Meteor Shower,Lunar Occultation,Supernova Explosion,Aurora or Northern Lights,Aurora or Northern Lights
427,"Who has been appointed as the new Prime Minister of Ukraine, replacing Denys Shmyhal?",Yulia Svyrydenko,Yulia Tymoshenko,Mykhailo Fedorov,Volodymyr Zelenskiy,Olga Stefanishyna,Yulia Svyrydenko
428,Hindustan Aeronautics Ltd (HAL) received the first set of wing assemblies for which aircraft from L&T?,Sukhoi Su-30 MKI,Rafale,LCA Mk1A,LCH Prachand,Mirage 2000,LCA Mk1A
429,What new service did UIDAI launch on 9th June 2025 to maintain the accuracy of the Aadhaar database?,Aadhaar Virtual ID Generation,Aadhaar Data Update Service,Reporting of Death of a Family Member,Aadhaar-PAN Linking Portal,NRI Aadhaar Registration Service,Reporting of Death of a Family Member
430,What major electoral reform has been proposed by the UK Labour Government in 2024?,Voting age increased to 21,Voting age reduced to 16,Ban on digital voting,Mandatory voter ID for all,Voting limited to UK-born citizens,Voting age reduced to 16
431,Which institution’s scientists were awarded the Rashtriya Krishi Vigyan Puraskar 2025 for Innovation & Technology in Agriculture?,"ICAR-Indian Agricultural Research Institute, New Delhi","ICAR-Sugarcane Breeding Institute, Coimbatore","ICAR-Central Institute of Fisheries Technology, Kochi","Indian Institute of Horticultural Research, Bengaluru","ICAR-National Dairy Research Institute, Karnal","ICAR-Sugarcane Breeding Institute, Coimbatore"
432,Which city has been awarded India’s cleanest city title in the 9th edition of the Swachh Survekshan 2024-25?,Indore,Navi Mumbai,Surat,Prayagraj,Visakhapatnam,Indore
433,What is the recently launched helpline number for waste pickers under the NAMASTE scheme?,14472,14473,14500,14475,14470,14473
434,From which location did India successfully test-fire the Prithvi-II and Agni-I ballistic missiles in July 2025?,Pokhran Range,Wheeler Island,Balasore Air Base,"Integrated Test Range, Chandipur",Sriharikota Launch Pad,"Integrated Test Range, Chandipur"
435,Which advanced attack helicopter is India set to receive from the US after a 15-month delay?,CH-47 Chinook,AH-64E Apache,MI-35,UH-60 Black Hawk,Ka-52 Alligator,AH-64E Apache
436,"Who was the highest-paid bank CEO in India during Financial Year 2024–25, as per the bank’s annual report released in July 2025?",Sashidhar Jagdishan,Uday Kotak,Shyam Srinivasan,Ashok Vaswani,Amitabh Chaudhry,Ashok Vaswani
437,Who has launched the Securities Market Hackathon at the Global Fintech Fest 2025?,RBI,IRDAI,SEBI,NABARD,PFRDA,SEBI
438,Which company recently received final SEBI approval to launch its mutual fund (MF) business and became the youngest AMC in India?,Zerodha Asset Management,Navi Mutual Fund,Groww Mutual Fund,The Wealth Company Asset Management Holdings,Paytm Mutual Fund,The Wealth Company Asset Management Holdings
439,Which organization has recently signed an MoU with Avanti Fellows to provide IIT-JEE and NEET coaching to tribal students of Eklavya Model Residential Schools (EMRSs)?,NCERT,NITI Aayog,CBSE,NIOS,NESTS,NESTS
440,"As per the OECD-FAO Agricultural Outlook 2025–2034, which country is projected to become the world’s largest cotton producer by 2034?",China,Brazil,India,USA,Pakistan,India
441,Who launched the National Standards for Civil Service Training Institutes (NSCSTI) 2.0 under Mission Karmayogi?,Shri Rajnath Singh,Shri Narendra Modi,Dr. Jitendra Singh,Shri Amit Shah,Dr. S. Jaishankar,Dr. Jitendra Singh
442,Which state assembly is set to implement AI-based cameras for real-time monitoring of MLAs’ performance and attendance?,Uttar Pradesh,Gujarat,Maharashtra,Rajasthan,Madhya Pradesh,Uttar Pradesh
443,"INS Sandhayak recently made its maiden hydrographic mission to which country, marking the first visit by an Indian hydrographic vessel there?",Indonesia,Singapore,Vietnam,Malaysia,Philippines,Malaysia
444,"Which Indian cultural heritage site was inscribed as the 44th UNESCO World Heritage Site of India during the 47th session of the World Heritage Committee (WHC) held in Paris, France in 2025?",Hoysala Temples of Karnataka,Maratha Military Landscapes,Kakatiya Rudreshwara Temple,Sacred Ensembles of the Hoysalas,Satpura Tiger Reserve,Maratha Military Landscapes
445,Which dairy company has acquired Osam Dairy for Rs.271 crore?,Amul,Dodla Dairy,Nandini,Heritage Foods,Mother Dairy,Dodla Dairy
446,Which state’s KITE initiative was recognized by UNICEF as a global best practice in responsible EdTech?,Tamil Nadu,Karnataka,Kerala,Maharashtra,Andhra Pradesh,Kerala
447,Under which scheme were the Sant Kabir Handloom Award and National Handloom Awards 2024 presented by the Ministry of Textiles?,PM Mitra Yojana,SAMARTH Scheme,National Handloom Development Programme,Skill India Mission,Atmanirbhar Handloom Scheme,National Handloom Development Programme
448,India’s group standard for which crop was appreciated at the Codex Executive Committee meeting in Rome in July 2025?,Rice,Wheat,Millet,Maize,Pulses,Millet
449,Which country recently completed the ratification of the Trade and Economic Partnership Agreement (TEPA) between India and EFTA?,Switzerland,Norway,Liechtenstein,Iceland,Sweden,Switzerland
450,What is the proposed new name of Islampur town in Sangli district as announced by the Maharashtra government in 2025?,Shivapur,Ramnagari,Ishwarpur,Sanglipur,Harinagar,Ishwarpur
451,What is the name of the Karnataka State Road Transport Corporation's (KSRTC) initiative launched to assist visually impaired passengers?,Dhwanispandana Yojane,Drishtimitra Yojane,Vayusparsha Yojane,Sweekriti Yojane,Swavalamban Travel Scheme,Dhwanispandana Yojane
452,"Which country has been awarded the hosting rights for the ICC World Test Championship (WTC) Finals in 2027, 2029, and 2031?",Australia,India,England,South Africa,New Zealand,England
453,"Which Indian mobile application won the WSIS Prizes 2025 Champion Award in the category “Cultural Diversity and Identity, Linguistic Diversity and Local Content”?",eGram Swaraj,Digital India App,MyGov India,Meri Panchayat,Gram Uday,Meri Panchayat
454,Which two institutions signed an MoU to roll out structured and uniform education for Children with Intellectual Disabilities (CwID) across India?,NCERT and NCPCR,NIEPID and Jai Vakeel Foundation,NIEPID and NIOS,NCPEDP and CBSE,NITI Aayog and National Trust,NIEPID and Jai Vakeel Foundation
455,From which month will the Indian Army begin receiving India-made AK-203 rifles?,October,November,December,January,February,December
456,"Under the PM-VIKAS scheme, how many candidates will be trained at IIIT Kottayam as part of the skill training and women entrepreneurship development project launched by MoMA?",300,450,600,150,500,450
457,"Under the 'One State-One RRB' policy, how many RRBs now remain in India after the latest consolidation drive by the Government of India?",43,56,28,82,196,28
458,"In 2025, which Indian-American economist resigned as the First Deputy Managing Director of the International Monetary Fund (IMF)?",Raghuram Rajan,Arvind Subramanian,Gita Gopinath,Urjit Patel,Abhijit Banerjee,Gita Gopinath
459,What is the name of India’s first fully AI-powered fintech software platform launched by Laraware Pvt. Ltd.?,Nxtbanking,Digibank AI,FinBot,SmartPay Pro,BharatAI Pay,Nxtbanking
460,"What is the key feature of the employment scheme announced by PM Narendra Modi in Motihari, Bihar?",Free skill training for all unemployed youth,"Rs.15,000 incentive to first-time private sector employees",Direct job placement in government sector,Loan waiver for first-time entrepreneurs,"Monthly unemployment allowance of Rs.5,000","Rs.15,000 incentive to first-time private sector employees"
461,Which state government has launched a subsidy of Rs.5 per litre for milk to boost dairy farming?,Uttar Pradesh,Punjab,Assam,Gujarat,Haryana,Assam
462,From which month and year will 9-karat gold be brought under mandatory hallmarking by the Bureau of Indian Standards (BIS)?,January 2025,April 2025,July 2025,October 2025,December 2025,July 2025
463,Which international cruise company has announced its entry into India’s river cruise market with ‘Viking Brahmaputra’?,Royal Caribbean,Carnival Cruise,Viking Cruises,Costa Cruises,MSC Cruises,Viking Cruises
464,What is the target number of interns under the second pilot of the PM Internship Scheme (PMIS) for FY26?,1 lakh,3 lakh,5 lakh,7 lakh,10 lakh,7 lakh
465,Who has been appointed as the head of the National Steering Committee constituted by the Ministry of Skill Development and Entrepreneurship (MSDE) to oversee the ITI upgradation scheme?,Atul Kumar Tiwari,Rajit Punhani,Dharmendra Pradhan,Sanjay Kumar,Arvind Panagariya,Rajit Punhani
466,Larsen & Toubro’s subsidiary L&T Energy Green Tech Limited will establish India’s largest green hydrogen plant at which location?,"Paradip Refinery, Odisha","Bina Refinery, Madhya Pradesh","Mathura Refinery, Uttar Pradesh","Panipat Refinery, Haryana","Vadodara Refinery, Gujarat","Panipat Refinery, Haryana"
467,What is the new loan limit under the revised Stand-Up India scheme to be launched in September 2025?,Rs.1 crore,Rs.1.5 crore,Rs.2 crore,Rs.50 lakh,Rs.75 lakh,Rs.2 crore
468,How many Indian women have been featured in Forbes’ 2025 list of 50 Richest Self-Made Women in the World?,One,Two,Three,Four,None of these,Two
469,Which disease was recently declared eliminated as a public health problem in Senegal by the WHO in 2025?,Yaws,Guinea Worm Disease,Leprosy,Dengue,Trachoma,Trachoma
470,What is the primary objective of the Odisha government's ‘Shaktishree’ programme launched in 2025?,Provide financial aid to female students,Ensure campus safety and well-being of girl students,Promote entrepreneurship among girls,Offer scholarships for STEM courses,Boost sports training for college girls,Ensure campus safety and well-being of girl students
471,What is the purpose of the 'Adi Shapath' session recently organized by the Ministry of Tribal Affairs in Delhi?,Launch of a new tribal welfare scheme,Promote tribal art and culture,Interactive session with stakeholders for tribal upliftment,Recruitment drive for tribal youth,Inauguration of a tribal university,Interactive session with stakeholders for tribal upliftment
472,"What is the theme of International Chess Day 2025, observed on July 20?",Chess for Equality,Checkmate Ignorance,Chess for Peace,Power of Pawns,Every Move Counts,Every Move Counts
473,Why is 22nd July celebrated as Pi Approximation Day?,Because Pi was discovered on this date,Because 22/7 is an approximate value of Pi,Because Einstein was born on this day,Because it is World Mathematics Day,Because it was proposed by Euler,Because 22/7 is an approximate value of Pi
474,When is National Flag Day observed in India to commemorate the adoption of the Indian National Flag?,26 January,22 July,15 August,2 October,25 December,22 July
475,Which bank has launched the zero-balance savings account product named ‘GATI’?,India Post Payments Bank,Paytm Payments Bank,Airtel Payments Bank,Fino Payments Bank,NSDL Payments Bank,Fino Payments Bank
476,What is the value of the Financial Inclusion Index for March 2025 as per RBI?,64.2,66.5,67.0,68.3,69.0,67.0
477,"As per the recent report, which state accounts for the highest share of active GST taxpayers in India?",Maharashtra,Gujarat,Uttar Pradesh,Karnataka,Tamil Nadu,Uttar Pradesh
478,Which organization has signed an MoU with the Ministry of Rural Development to promote the ‘Bima Sakhi Yojana’?,SBI Life Insurance,New India Assurance,Life Insurance Corporation of India,HDFC Life,ICICI Prudential,Life Insurance Corporation of India
479,How much loan has the Asian Development Bank (ADB) sanctioned for infrastructure development in Tripura's industrial belts?,Rs.850 crore,Rs.975.26 crore,"Rs.1,050 crore",Rs.900 crore,"Rs.1,100 crore",Rs.975.26 crore
480,Where was the Advanced Cyber Skill Centre inaugurated by Union Minister Piyush Goyal to empower youth and women in cybersecurity training?,Bengaluru,Hyderabad,Mumbai,Pune,New Delhi,Mumbai
481,Who has been appointed as the Director of the Atal Innovation Mission (AIM) at NITI Aayog?,Dr. Chintan Vaishnav,Deepak Bagla,Amitabh Kant,R. Ramanan,K. Santhanam,Deepak Bagla
482,Which country has emerged as Malaysia’s largest importer of germinating oil palm seeds in 2024?,China,इंडोने,भारत,पा,बांग्लादेश,भारत
483,"Which company recently became India’s third-most valued by market capitalization, surpassing TCS?",ICICI Bank,Infosys,Reliance Jio,Bharti Airtel,LIC,Bharti Airtel
484,"Which long-term open-field experiment in India, focused solely on winter fog, has completed ten years of research at IGI Airport, New Delhi?",FOGSAFE,WiFEX,FOGEX,IND-Fog,AeroFog,WiFEX
485,"Which Indian state has become the first to ensure that every polling station caters to fewer than 1,200 voters?",Uttar Pradesh,Bihar,Madhya Pradesh,Rajasthan,Jharkhand,Bihar
486,Which ministry has launched the development of the Automotive Mission Plan 2047 to make India a global automotive leader by 2047?,Ministry of Road Transport and Highways,Ministry of Commerce and Industry,Ministry of Skill Development and Entrepreneurship,Ministry of Heavy Industries,"Ministry of Micro, Small and Medium Enterprises",Ministry of Heavy Industries
487,"What is the name of the first joint Earth observation satellite developed by NASA and ISRO, scheduled to be launched on July 30, 2025?",Chandrayaan-3,NISAR,RISAT-2BR2,SARAL,CARTOSAT-3,NISAR
488,Which Indian state has proposed a new Devadasi legislation that includes clauses on paternity tests and property rights for Devadasi children?,Tamil Nadu,Maharashtra,Odisha,Andhra Pradesh,Karnataka,Karnataka
489,What is the name of the final Anti-Submarine Warfare Shallow Water Craft (ASW-SWC) ship launched by GRSE for the Indian Navy?,INS Arnala,INS Anjadip,INS Akshay,INS Abhay,INS Ajay,INS Ajay
490,"Which of the following statements is true about V.S. Achuthanandan, who passed away at the age of 101?",He was the first CM of Kerala after its formation,He was a founding member of the Communist Party of India (CPI),He served as the Chief Minister of Kerala from 2006 to 2011,He never held the position of Leader of the Opposition,He was a member of Indian National Congress before joining CPI(M),He served as the Chief Minister of Kerala from 2006 to 2011
491,"Padma Shri awardee and legendary theatre director Ratan Thiyam, who recently passed away at the age of 77, was originally from which Indian state?",Assam,Nagaland,Tripura,Manipur,Sikkim,Manipur
492,When is National Broadcasting Day celebrated in India ?,15 July,18 July,19 July,22 July,23 July,23 July
493,"According to Morgan Stanley, by which year is India expected to become the third-largest economy in the world?",2025,2028,2026,2030,2035,2028
494,Which two organizations have signed a Non-Disclosure Agreement (NDA) to transform inward remittances to India using UPI and UPU Interconnection Platform?,RBI and NPCI,India Post and World Bank,Department of Posts and NPCI International,Ministry of Finance and SWIFT,NPCI and Reserve Bank Innovation Hub,Department of Posts and NPCI International
495,What is the name of the new cross-border payments platform launched by PayPal in partnership with NPCI International and others?,PayPal World,PayLink International,PayPal Global Connect,XPay Network,Borderless Pay,PayPal World
496,Which bank has launched the ‘FCNR(B) Deposit Account’ and ‘Equitas Explorer Savings Account’ to cater to the financial needs of NRIs and Seafarers?,HDFC Bank,ICICI Bank,Equitas Small Finance Bank,YES Bank,Federal Bank,Equitas Small Finance Bank
497,What is the name of the unified reporting platform launched by SEBI and NSE to simplify compliance for stockbrokers?,Digital Compliance Hub,SEBI e-File Portal,Compliance Gateway,MarketLink Portal,Samuhik Prativedan Manch,Samuhik Prativedan Manch
498,Which cooperative bank's license was cancelled by the Reserve Bank of India in July 2025 due to poor financial health and failure to meet regulatory requirements?,The Mapusa Urban Cooperative Bank,The Karwar Urban Cooperative Bank,The Saraswat Cooperative Bank,The Shamrao Vithal Cooperative Bank,The Abhyudaya Cooperative Bank,The Karwar Urban Cooperative Bank
499,Who has been appointed as the new Chairman of the Insurance Regulatory and Development Authority of India (IRDAI) in 2025?,Debasish Panda / देबाशीष पांडा,Tuhin Kanta Pandey / तु,Ajay Seth / अजय सेठ,Sanjay Malhotra / संजय मल्हो,Tarun Bajaj / तरुण बजाज,Ajay Seth / अजय सेठ
500,What is the name of the trade agreement signed between India and the United Kingdom (UK) in 2025 to enhance bilateral trade?,Free Trade Agreement (FTA),Bilateral Economic Agreement (BEA),Comprehensive Economic and Trade Agreement (CETA),Strategic Trade and Investment Pact (STIP),Enhanced Trade Partnership (ETP),Comprehensive Economic and Trade Agreement (CETA)
501,Which international airport has been ranked first in Travel + Leisure Readers’ 10 Favourite International Airports of 2025 list?,"Hamad International Airport, Qatar","Singapore Changi Airport, Singapore","Dubai International Airport, UAE","Zayed International Airport, UAE","Istanbul Airport, Turkey","Istanbul Airport, Turkey"
502,Where is India’s first Centre of Excellence (CoE) for Hornbill Conservation being established?,"Periyar Tiger Reserve, Kerala","Anamalai Tiger Reserve, Tamil Nadu","Bandipur National Park, Karnataka","Silent Valley National Park, Kerala","Mudumalai Tiger Reserve, Tamil Nadu","Anamalai Tiger Reserve, Tamil Nadu"
503,"In which year did India achieve 20% ethanol blending in petrol, five years ahead of its original target?",2022,2023,2024,2025,2030,2025
504,Which Indian state launched the country’s first mining tourism initiative in 2025?,Jharkhand,Chhattisgarh,Odisha,Madhya Pradesh,Rajasthan,Jharkhand
505,What was the title of the conference hosted by MSDE to celebrate 10 years of Skill India Mission?,Skill India Summit 2025,Bharat SkillNxt 2025,Skill@India Expo 2025,Digital Bharat Skills Meet,Kaushal India Mahotsav,Bharat SkillNxt 2025
506,"Which art festival hosted at Rashtrapati Bhavan featured artists from Sohrai, Pattachitra, and Patua traditions in July 2025?",Rashtrapati Kala Mahotsav,Kala Darshan Programme,Artists in Heritage Programme,Kala Utsav – Artists in Residence Programme,National Folk Art Celebration,Kala Utsav – Artists in Residence Programme
507,"What is India’s latest rank in the Henley Passport Index 2025, showing an improvement from the previous year?",80,85,77,70,72,77
508,"Who has been appointed as the new Chairman of the Gujarat Cooperative Milk Marketing Federation (GCMMF), which owns Amul?",Verghese Kurien,Shamal Patel,R.S. Sodhi,Gordhan Dhameliya,Ashok Chaudhary,Ashok Chaudhary
509,Harmanpreet Kaur recently became the third Indian woman to achieve which milestone in ODIs?,100 wickets,"10,000 runs",4000 runs,200 catches,100 stumpings,4000 runs
510,Which state/UT has launched the Mukhyamantri Khel Protsahan Yojana and announced a cash award of Rs.7 crore for Olympic and Paralympic gold medalists?,Delhi,Maharashtra,Haryana,Uttar Pradesh,Punjab,Delhi
511,"According to the Ministry of Commerce & Industry, which category of Intellectual Property (IP) filings recorded the highest growth in India between 2020–21 and 2024–25?",Patents,Trademarks,Designs,Geographical Indications (GI),Copyright,Geographical Indications (GI)
512,Which university has signed an MoU with the Ministry of Panchayati Raj and the Government of Madhya Pradesh to establish a Centre of Excellence on PESA?,Jawaharlal Nehru University (JNU),Banaras Hindu University (BHU),"Indira Gandhi National Tribal University (IGNTU), Amarkantak",Tata Institute of Social Sciences (TISS),Indian Institute of Public Administration (IIPA),"Indira Gandhi National Tribal University (IGNTU), Amarkantak"
513,"As per Finance Ministry data, how much loan amount was written off by PSBs from FY16 to FY25?",Rs.5.82 lakh crore,Rs.9.80 lakh crore,Rs.12.08 lakh crore,Rs.15.30 lakh crore,Rs.17.60 lakh crore,Rs.12.08 lakh crore
514,What is the revised FY26 growth forecast for India by the Asian Development Bank (ADB)?,7.0%,6.0%,6.5%,6.7%,6.3%,6.5%
515,Which bank has partnered with Shriram Life Insurance to act as its corporate agent?,Ujjivan SFB,ESAF Small Finance Bank,Equitas SFB,Jana Small Finance Bank,AU Small Finance Bank,ESAF Small Finance Bank
516,"What is the maximum claim value that can be addressed by the proposed internal ombudsman, as per IRDAI’s draft guidelines?",Rs.10 lakh,Rs.25 lakh,Rs.50 lak,Rs.75 lakh,Rs.1 crore,Rs.50 lak
517,Which university was selected to host one of the four Incubation Centres in the North Eastern Region under the Government of India’s initiative on entrepreneurship development?,Assam University,Manipur University,North-Eastern Hill University,Mizoram University,Nagaland University,Nagaland University
518,"In the EduRank 2025 list of the world’s top 100 agricultural institutions, what is the rank of Punjab Agricultural University (PAU), Ludhiana?",47th,62nd,93rd,100th,Not ranked,93rd
519,"As per the Ministry of Jal Shakti's March 2025 report, which state has recorded the highest number of rural tap water connections?",Maharashtra,Tamil Nadu,Bihar,Uttar Pradesh,Gujarat,Uttar Pradesh
520,The National Expert Committee constituted by the Ministry of Ayush met at which institute to develop safety dossiers for key traditional herbs in 2025?,Central Council for Research in Ayurvedic Sciences (CCRAS),"All India Institute of Ayurveda (AIIA), Goa","National Institute of Ayurveda, Jaipur","Institute of Post Graduate Teaching & Research in Ayurveda, Jamnagar","AIIMS – Ayurveda Division, Delhi","All India Institute of Ayurveda (AIIA), Goa"
521,Which country announced that it will officially recognise the State of Palestine at the UN General Assembly in September 2025?,Germany,United Kingdom,United States,France,Russia,France
522,Which edtech company has launched the Aryabhata 1.0 AI model specifically for JEE Main Maths preparation?,PhysicsWallah,Unacademy,BYJU’S,Vedantu,Khan Academy,PhysicsWallah
523,Which organization hosted the ‘Trade Conclave 2025’ in New Delhi under the theme “Building Export-led Growth for Viksit Bharat”?,Ministry of Commerce and Industry,NITI Aayog,Export Promotion Council,Export-Import Bank of India (EXIM Bank),Confederation of Indian Industry (CII),Export-Import Bank of India (EXIM Bank)
524,Under which national mission were 6 crore people screened for Sickle Cell Disease (SCD) in India?,National Genetic Disorders Eradication Mission,National Tribal Health Initiative,National Sickle Cell Anemia Elimination Mission,Mission Anemia-Free India,Rashtriya Blood Disorder Prevention Yojana,National Sickle Cell Anemia Elimination Mission
525,Which Indian oil refinery has recently been sanctioned by the European Union for the first time as part of its Russia-related sanctions?,Indian Oil Corporation (IOC),Bharat Petroleum Corporation Ltd (BPCL),"Nayara Energy Ltd, Vadinar",Hindustan Petroleum Corporation Ltd (HPCL),Reliance Industries Ltd (RIL),"Nayara Energy Ltd, Vadinar"
526,Who did Divya Deshmukh defeat to reach the final of the FIDE Women’s World Cup 2025?,Lei Tingjie,D. Harika,Tan Zhongyi,Ju Wenjun,R. Vaishali,Tan Zhongyi
527,"As of July 25, 2025, which milestone has Prime Minister Narendra Modi achieved?",Longest-serving Prime Minister of India,First Prime Minister to serve five terms,India’s second-longest-serving Prime Minister in consecutive terms,First Prime Minister from the Armed Forces,First PM to serve without contesting elections,India’s second-longest-serving Prime Minister in consecutive terms
528,How many MoUs were signed between India and the Maldives during Prime Minister Narendra Modi’s visit in July 2025?,6,5,7,8,10,6
529,"How much tax and penalty has the government raised under the Black Money (Undisclosed Foreign Income and Assets) Act, 2015 between July 1, 2015 and March 31, 2025?","Rs.2,476 crore","Rs.4,164 crore","Rs.35,105 crore",Rs.338 crore,"Rs.10,000 crore","Rs.35,105 crore"
530,What is commemorated on 26 July as Kargil Vijay Diwas in India?,Signing of Shimla Agreement,Completion of Operation Meghdoot,India’s victory in the 1971 war,India’s victory in the Kargil War,Start of Operation Cactus,India’s victory in the Kargil War
531,"When is the International Day for Judicial Well-being observed, and what was the theme for 2024?",10 December; Upholding Justice for All,25 July; Justice begins with well-being,14 June; Well-being and Human Rights,21 May; Building Judicial Resilience,"1 October; Health of Judges, Health of Justice",25 July; Justice begins with well-being
532,Which NBFC had the RBI withdrawn the Corrective Action Plan (CAP) from in 2024?,Bajaj Finance,Muthoot Finance,Religare Finvest Limited,L&T Finance,Shriram Finance,Religare Finvest Limited
533,How much capital is IndusInd Bank planning to raise in total?,"Rs.10,000 crore","Rs.26,000 crore","Rs.20,000 crore","Rs.30,000 crore","Rs.15,000 crore","Rs.30,000 crore"
534,How much fund is Sagarmala Finance Corp planning to raise in its first tranche?,"Rs.2,000 crore","Rs.5,000 crore","Rs.4,000 crore","Rs.6,000 crore","Rs.3,500 crore","Rs.4,000 crore"
535,"Why did the RBI recently conduct a Rs.50,000 crore variable rate repo (VRR) auction?",To control inflation,To support rupee exchange rate,Due to GST-related outflows straining liquidity,To regulate foreign investments,Due to rising interest rates,Due to GST-related outflows straining liquidity
536,How much penalty has IRDAI imposed on Star Health for violating cyber security norms?,Rs.5 crore,Rs.2.5 crore,Rs.4 crore,Rs.3.39 crore,Rs.6 crore,Rs.3.39 crore
537,Which Indian bank has launched the country's first biometric authentication solution for e-commerce card transactions?,HDFC Bank,ICICI Bank,State Bank of India,Axis Bank,Federal Bank,Federal Bank
538,In which state did DRDO successfully test the ULPGM-V3 missile from a UAV?,Telangana,Andhra Pradesh,Odisha,Tamil Nadu,Karnataka,Andhra Pradesh
539,What has the Parliamentary Estimates Committee recommended for organic crops?,Removal of all MSPs,Same MSP as regular crops,No MSP needed,Separate MSP for organic crops,MSP only for export crops,Separate MSP for organic crops
540,"As per the report, by how much is India’s chemical exports to the UK expected to grow by 2025–26?",30–40%,20–25%,70–80%,50–60%,10–15%,30–40%
541,"Under the India-UK CETA agreement, what percentage of India’s agricultural and processed food products will be allowed zero-duty access to the UK market?",75%,85%,90%,95%,100%,95%
542,Araku Valley Coffee received duty-free access under Free Trade Agreement with which country?,USA,Australia,United Kingdom,Germany,Japan,United Kingdom
543,"According to Union Minister Dr. Jitendra Singh, what are the 3 A’s needed to meet the aspirations of Indian youth?","Ability, Aim, Action","Awareness, Aptitude, Avenue","Awareness, Ambition, Achievement","Aspire, Apply, Achieve",None of the above,"Awareness, Aptitude, Avenue"
544,What is the primary objective of the Palna Scheme under Mission Shakti’s Samarthya vertical?,Providing nutrition supplements to pregnant women,Offering employment to rural women,Bridging the childcare gap by offering crèche facilities,Supporting women entrepreneurs,Providing free education to girl children,Bridging the childcare gap by offering crèche facilities
545,"According to the World Bank report, how much funding will Indian cities require by 2050 for climate-resilient infrastructure?",$1.2 trillion,$2.4 trillion,$3.0 trillion,$5.5 trillion,$950 billion,$2.4 trillion
546,What is the total number of enrolments under Atal Pension Yojana as of the current fiscal?,6 crore,7 crore,8 crore,9 crore,10 crore,8 crore
547,Who has been appointed as the full-time Chief Executive Officer (CEO) of the Indian Olympic Association (IOA)?,Anurag Thakur,Raghuram Iyer,Rohit Rajpal,Neeraj Chopra,Rajeev Mehta,Raghuram Iyer
548,Where is the 14th edition of the India–Singapore Joint Military Exercise ‘Bold Kurukshetra 2025’ being held?,Pune,Jodhpur,Hyderabad,Wellington,Dehradun,Jodhpur
549,Which state has the highest crop insurance premium default under PMFBY as of FY25?,Rajasthan,Madhya Pradesh,Andhra Pradesh,Uttar Pradesh,Tamil Nadu,Andhra Pradesh
550,Who has been awarded the GP Birla Memorial Award in 2025?,Dr. S. Somanath,Dr. Venkataraman Ramakrishnan,Dr. A. P. J. Abdul Kalam,Dr. V. Narayanan,Dr. Jogesh Pati,Dr. V. Narayanan
551,What is the objective of NASA’s recently launched TRACERS mission?,Study asteroid impacts on Earth,Monitor Mars' atmosphere,Explore the Moon’s polar regions,Study Earth’s magnetic defense against space storms,Detect exoplanets beyond the solar system,Study Earth’s magnetic defense against space storms
552,When is the 87th Raising Day of the Central Reserve Police Force (CRPF) observed?,August 15,July 27,December 28,June 1,January 26,July 27
553,Who has been nominated as Director on the RBI Central Board in July 2025?,T. V. Somanathan,Ajay Seth,Anuradha Thakur,Tarun Bajaj,Nirmala Sitharaman,Anuradha Thakur
554,KredX partnered with which bank to enhance digital trade finance using the TReDS platform?,State Bank of India,Canara Bank,HDFC Bank,ICICI Bank,Bank of Baroda,Canara Bank
555,"As per IRDAI’s new directive, how many Gram Panchayats are to be covered by insurers over the next two years?","50,000","25,000","1,00,000","75,000","60,000","75,000"
556,"Which Indian bank’s Hong Kong branch was fined HK$850,000 (around Rs.9.3 crore) by the Hong Kong Monetary Authority in 2025?",State Bank of India,Punjab National Bank,Bank of Baroda,Indian Overseas Bank,Canara Bank,Indian Overseas Bank
557,"As of March 31, 2025, how many unique corporate borrowers have been classified as wilful defaulters by India’s public sector banks?","1,210","1,489","1,629","1,745","1,890","1,629"
558,"As per the latest Morning Consult survey (July 2025), which leader has the highest global approval rating?",Lee Jae-myung,Javier Milei,Narendra Modi,Donald Trump,Justin Trudeau,Narendra Modi
559,Which Act was amended by the Government in 2023 to curb digital piracy in the creative sector?,"Copyright Act, 1957","Information Technology Act, 2000","Cinematograph Act, 1952","Indian Penal Code, 1860","Digital Media Regulation Act, 2021","Cinematograph Act, 1952"
560,Who is the author of the book ‘The Rise of the Hitman’ based on Rohit Sharma’s journey?,Boria Majumdar,R. Kaushik,Harsha Bhogle,Rajdeep Sardesai,Sanjay Manjrekar,R. Kaushik
561,Where will the grand statues of Chola emperors Rajaraja Chola and Rajendra Chola be erected as announced by PM Modi?,Karnataka,Andhra Pradesh,Telangana,Kerala,Tamil Nadu,Tamil Nadu
562,"Which state recently increased the monthly pension for journalists to Rs.15,000 under the Journalist Samman Pension Scheme?",Bihar,Rajasthan,Uttar Pradesh,Madhya Pradesh,Odisha,Bihar
563,"‘MATSYA-6000’, India’s first manned submersible, is being developed under which project?",Sagar Vikas Mission,Deep Ocean Mission,Blue Revolution Project,Ocean Quest Program,Coastal Exploration InitiatIve,Deep Ocean Mission
564,Which Hindi author’s book Once Elephants Lived Here won the PEN Translates award?,Krishna Sobti,Uday Prakash,Geetanjali Shree,Nirmal Verma,Mridula Garg,Geetanjali Shree
565,SHAURYA BHARAT Car Rally was organized in collaboration with which organization to honour the Armed Forces and promote environmental awareness?,PHDCCI & Indian Air Force,Indian Army,DRDO,NCC,Ministry of Defence,PHDCCI & Indian Air Force
566,Which animal has Bannerghatta Biological Park exported for the first time in its history?,Tigers,Cheetahs,Asian Elephants,Jaguars,Gorillas,Asian Elephants
567,ISRO will launch three more NavIC satellites by 2026 to strengthen which navigation system?,GAGAN,IRNSS,GPS India,AstroNav,Bharat SatNav,IRNSS
568,Which Indian state was the first to launch MBBS education in Hindi?,Uttar Pradesh,Madhya Pradesh,Rajasthan,Bihar,Gujarat,Madhya Pradesh
569,Which country will host the 17th Men’s Asia Cup Cricket Tournament in 2025?,India,Pakistan,Sri Lanka,United Arab Emirates,Bangladesh,United Arab Emirates
570,Where was the second edition of the WADA Intelligence & Investigations (I&I) Workshop hosted?,Mumbai,Singapore,Kuala Lumpur,New Delhi,Dhaka,New Delhi
571,Kerala Tourism won the PATA Gold Award 2025 in which category?,Best Ecotourism Project,Sustainable Tourism Strategy,Cultural Heritage Promotion,Most Engaging Social Media Campaign,Digital Transformation in Tourism,Most Engaging Social Media Campaign
572,Who did Joe Root surpass to become the second-highest run scorer in Test cricket?,Brian Lara,Rahul Dravid,Steve Smith,Jacques Kallis,Ricky Ponting,Ricky Ponting
573,"Where was India’s first hydrogen-powered coach, called the Driving Power Car (DPC), successfully tested?",Bhopal Coach Factory,Chittaranjan Locomotive Works,"Modern Coach Factory, Rae Bareli","Rail Coach Factory, Kapurthala","Integral Coach Factory, Chennai","Integral Coach Factory, Chennai"
