Q#,Question,Option1,Option2,Option3,Option4,Option5,Answer
1,Which organization has directed banks to settle unclaimed deposits through special camps between October and December 2025?,SEBI,IRDAI,RBI,Ministry of Finance,NABARD,RBI
2,What is the Ways and Means Advances (WMA) limit set by the RBI for the second half of FY 2025-26 (October 2025–March 2026)?,"₹25,000 crore","₹50,000 crore","₹75,000 crore","₹1,00,000 crore","₹1,50,000 crore","₹50,000 crore"
3,What is the minimum net worth requirement for an SRO in the Fintech (SRO- FT) sector?,₹1 crore,₹2 crore,₹5 crore,₹10 crore,₹15 crore,₹2 crore
4,SBI Mutual Fund recently launched its first scheme under the Specialised Investment Fund (SIF) category. What is its name?,SBI Magnum Balanced Fund,SBI Magnum Equity Hybrid Fund,SBI Magnum Hybrid Long Short,SBI Magnum Debt Fund,SBI Magnum Arbitrage Fund,SBI Magnum Hybrid Long Short
5,Which organization launched a dedicated window in the Food Safety Compliance System (FSCS) portal for licensing and registration of Ayurveda Aahara products?,Ministry of AYUSH,Food Safety and Standards Authority of India (FSSAI),Ministry of Health and Family Welfare,Indian Council of Medical Research (ICMR),National Institute of Ayurveda,Food Safety and Standards Authority of India (FSSAI)
6,Who was appointed as the Chairman of the Advertising Standards Council of India (ASCI) during its 39th AGM?,Partha Sinha,Sudhanshu Vats,Rakesh Kapoor,Nitin Paranjpe,Amitabh Kant,Sudhanshu Vats
7,"Who launched the Viksit Bharat Buildathon 2025, India’s largest school hackathon?",Prime Minister Narendra Modi,"Union Minister for Education, Shri Dharmendra Pradhan",NITI Aayog CEO,AICTE Chairman,Atal Innovation Mission Director,"Union Minister for Education, Shri Dharmendra Pradhan"
8,"Where will the tri-service exercise ‘Cold Start 1’, aimed at testing drones and counter-drone technologies, be conducted?",Rajasthan,Gujarat,Madhya Pradesh,Punjab,Haryana,Madhya Pradesh
9,FIFA unveiled three official mascots for the 23rd FIFA World Cup 2026. Which of the following pairs is correct?,Clutch – Jaguar – Mexico,Zayu – Moose – Canada,Maple – Bald Eagle – USA,Clutch – Bald Eagle – USA,Zayu – Tiger – India,Clutch – Bald Eagle – USA
10,Who inaugurated India’s first fleet of electric heavy trucks with swappable battery technology at Nhava Sheva Distribution Terminal?,Nitin Gadkari,Sarbananda Sonowal,Piyush Goyal,Dharmendra Pradhan,Mansukh Mandaviya,Sarbananda Sonowal
11,Where is the 11th ISSF Junior World Cup Rifle/Pistol/Shotgun 2025 being hosted?,"New Delhi, India","Tokyo, Japan","Paris, France","Moscow, Russia","Beijing, China","New Delhi, India"
12,India has nominated which institute as the UN’s Centre of Excellence (COE) for Artificial Intelligence (AI)?,IIT Bombay,IIT Delhi,IIT Madras,IISc Bengaluru,IIT Kanpur,IIT Madras
13,"Which country has announced the launch of the new K-Visa for global young STEM professionals from October 1, 2025?",United States,Australia,Canada,United Kingdom,China,China
14,"Which authority launched the Dubai Autonomous Zone (DAZ), a 15-kilometre corridor for driverless vehicles and marine transport?",Dubai Civil Aviation Authority,Dubai Roads and Transport Authority (RTA),Dubai Maritime Authority,Dubai Smart City Authority,Dubai Traffic Police,Dubai Roads and Transport Authority (RTA)
15,"According to the Kroll Celebrity Brand Valuation 2024, who retained the top spot in India with a brand value of USD 231.1 million?",Rohit Sharma,Shahrukh Khan,MS Dhoni,Ranveer Singh,Virat Kohli,Virat Kohli
16,"By 2030, how much green energy capacity does ONGC aim to acquire?",1–1.5 GW,5–6 GW,2.5–3 GW,7–8 GW,10 GW,2.5–3 GW
17,Which popular Assamese singer passed away on 19 September 2025 in Singapore during a scuba diving accident?,Bhupen Hazarika,Zubeen Garg,Angaraag Mahanta,Papon,Jayanta Hazarika,Zubeen Garg
18,Which public sector bank became the second PSB to be approved as a Trading-Cum-Clearing Member (TCM) on the India International Bullion Exchange (IIBX)?,Punjab National Bank,Indian Bank,Canara Bank,Union Bank of India,Bank of Baroda,Bank of Baroda
19,BRICS-backed New Development Bank (NDB) will issue its first rupee- denominated bond in India before which year?,2024,2025,2026,2027,2028,2026
20,"The Central Consumer Protection Authority (CCPA) recently imposed a penalty of ₹2,00,000 on which company for false and misleading price representations?",Amazon,Flipkart,FirstCry (Digital Age Retail Pvt. Ltd.),Snapdeal,Myntra,FirstCry (Digital Age Retail Pvt. Ltd.)
21,Which regulator barred HDFC Bank’s DIFC branch from taking new clients?,DFSA,SEBI,RBI,IMF,FATF,DFSA
22,Which bank signed an MoU with Tata Power Renewable Energy Limited to provide financial support for solar energy adoption by MSMEs and C&I customers?,State Bank of India,Punjab National Bank,ICICI Bank,Bank of Baroda,HDFC Bank,Bank of Baroda
23,Which country clinched their ninth Asia Cup title with a thrilling five-wicket victory over Pakistan at the Dubai International Stadium?,India,Japan,France,Russia,China,India
24,"Under the PM E-Drive scheme, what subsidy is provided for EV charging stations at government premises?",50% on both infrastructure and EVSE,80% on both infrastructure and EVSE,100% on infrastructure only,100% on both infrastructure and EVSE,70% on EVSE and 50% on infrastructure,100% on both infrastructure and EVSE
25,Which ministry is organizing the 29th Conference of Central and State Statistical Organizations (CoCSSO) in Chandigarh?,Ministry of Finance,Ministry of Statistics and Programme Implementation,Ministry of Home Affairs,Ministry of Planning,Ministry of Science and Technology,Ministry of Statistics and Programme Implementation
26,Who won the Changemaker of the Year Award at The Hindu BusinessLine Changemaker Awards 2024?,Azim Premji Foundation,DRDO,Bhashini,Impulse NGO Network,eVidyaloka,DRDO
27,"From 1 October 2025, what type of arrival card will foreigners travelling to India need to submit?",Physical Arrival Card,Digital Arrival Card (E-Arrival Card),Visa-on-Arrival Form,Paperless Travel Card,Manual Immigration Form,Digital Arrival Card (E-Arrival Card)
28,The book “Akashvani: A Century of Stories from All India Radio” has been authored by which of the following?,Vikram Sampath and Anant Pai,Neelesh Kulkarni and Vikrant Pande,Rajdeep Sardesai and Shashi Tharoor,R. Jagannathan and Arun Shourie,Krishna Sobti and Ruskin Bond,Neelesh Kulkarni and Vikrant Pande
29,"Who has been appointed as the Attorney General of India for a two-year term starting October 1, 2025?",K.K. Venugopal,R. Venkataramani,Mukul Rohatgi,Gopal Subramanium,Soli Sorabjee,R. Venkataramani
30,Prime Minister Narendra Modi inaugurated BSNL’s “Swadeshi 4G stack” in which state?,Gujarat,Maharashtra,Madhya Pradesh,Uttar Pradesh,Odisha,Odisha
31,"Which integrated neuro-rehabilitation centre was recently unveiled by the Ministry of AYUSH at the All India Institute of Ayurveda (AIIA), Goa?",Prayas,Aarogya,Niramay,Swasthya,Samarth,Prayas
32,"India recently designated two new Ramsar Sites in Bihar. With this, how many Ramsar Sites does India now have?",91,92,93,94,95,93
33,"Which company did TVS Motors acquire to establish a Global Centre of Excellence for Design and Engineering in Bologna, Italy?",Engine Engineering,Piaggio Engineering,Ducati Design Labs,Ferrari Technologies,Magneti Marelli,Engine Engineering
34,Where was the 69th General Conference (GC) of the International Atomic Energy Agency (IAEA) held?,"Geneva, Switzerland","New York, USA","Rome, Italy","Paris, France","Vienna, Austria","Vienna, Austria"
35,Which organization launched India’s first AI-integrated Integrated Command & Control Centre (ICCC) for a pilgrimage ecosystem?,Shri Mata Vaishno Devi Shrine Board,Tirumala Tirupati Devasthanams (TTD),Kashi Vishwanath Temple Trust,Jagannath Temple Administration,Somnath Temple Trust,Tirumala Tirupati Devasthanams (TTD)
36,"Which scheme launched by Haryana CM Nayab Singh Saini provides Rs 2,100 per month to eligible women?",Mukhya Mantri Mahila Samman Yojana,Haryana Women Empowerment Scheme,Beti Bachao Beti Padhao,Pradhan Mantri Matru Vandana Yojana,Deendayal Lado Lakshmi Yojana,Deendayal Lado Lakshmi Yojana
37,Which Cold Desert Biosphere Reserve in Himachal Pradesh was recently included in UNESCO’s World Biosphere Reserve Network?,Khangchendzonga,Spiti Valley,Great Himalayan National Park,Nanda Devi,Pin Valley,Spiti Valley
38,India’s first bullet train project’s initial Surat–Bilimora stretch will be operational by which year?,2025,2026,2027,2028,2029,2027
39,"Where was the third edition of the HDSR Star Party, focusing on amateur astronomy and astrophotography, held?","Spiti Valley, Himachal Pradesh",Sikkim,"Leh, Ladakh","Kaza, Himachal Pradesh","Hanle, Ladakh","Hanle, Ladakh"
40,"Which Indian artist’s untitled 1970 oil on canvas painting recently sold for ₹67.08 crore, making it the second-most expensive Indian artwork ever?",Tyeb Mehta,FN Souza,VS Gaitonde,MF Husain,S H Raza,VS Gaitonde
41,Which Indian cricketer became the first capped Indian male player to sign with a Big Bash League (BBL) team?,Ravichandran Ashwin,Virat Kohli,Rohit Sharma,Rishabh Pant,Shikhar Dhawan,Ravichandran Ashwin
42,Which global initiative is being organised by the Ministry of Youth Affairs & Sports along with the Ministry of External Affairs as part of Seva Pakhwada 2025?,Bharat Run 2025,Rashtriya Ekta Run 2025,Seva Marathon 2025,Global Youth Run 2025,Viksit Bharat Run 2025,Viksit Bharat Run 2025
43,"Which renowned Kannada writer, remembered by PM Modi in Mann Ki Baat, passed away on September 24, 2025?",Girish Karnad,S.L. Bhyrappa,U.R. Ananthamurthy,K. Shivaram Karanth,Vaidehi,S.L. Bhyrappa
44,When is World Maritime Day 2025 observed?,September 25,September 24,September 26,September 27,September 28,September 25
45,What is the theme of World Tourism Day 2025?,Green Tourism & Innovation,Tourism for Prosperity,Tourism and Sustainable Transformation,Cultural Tourism & Heritage,Ecotourism and Community Development,Tourism and Sustainable Transformation
46,"Which digital payments platform, in collaboration with Mastercard, launched the exclusive ‘Tap & Pay’ feature for Mastercard cardholders in India?",Paytm,Google Pay,PhonePe,Amazon Pay,BharatPe,PhonePe
47,"Who has been appointed as the new Deputy Governor of the Reserve Bank of India (RBI) effective from October 9, 2025?",Rajeshwar Rao,Poonam Gupta,Swaminathan Janakiraman,T. Rabi Sankar,Shirish Chandhra Murmu,Shirish Chandhra Murmu
48,Which body currently selects Non-Official Directors (NODs) for Public Sector Banks (PSBs)?,Reserve Bank of India,Ministry of Finance (Department of Financial Services),Boards of PSBs,P J Nayak Committee,SEBI,Ministry of Finance (Department of Financial Services)
49,RBI is likely to allow which company’s exit from the Upper Layer NBFC classification?,Reliance Capital,Shriram Finance,Tata Sons,Bajaj Finance,HDFC Ltd,Tata Sons
50,Which company has been barred by SEBI and fined along with its three senior executives for alleged financial misstatement?,Man Industries (India) Ltd.,Adani Enterprises,Reliance Power,L&T Finance,Hindustan Zinc,Man Industries (India) Ltd.
51,The Reserve Bank of India imposed a monetary penalty of ₹2.7 lakh on which company for non-compliance with norms related to ‘Internal Ombudsman’?,Manappuram Finance Limited,Mahindra Finance,Bajaj Finance Limited,Shriram Finance Limited,Muthoot FinCorp Limited,Muthoot FinCorp Limited
52,Which two institutions have partnered to co-lend gold loans targeting semi- urban and rural customers?,SBI and Bajaj Finance,Bank of Baroda and IIFL Finance,HDFC Bank and Muthoot Finance,Axis Bank and Manappuram Finance,PNB and Shriram Finance,Bank of Baroda and IIFL Finance
53,"From which date will the RBI’s new rules on interest rates, gold loans, and exposure norms come into effect?",September 15,October 1,November 1,December 31,January 1,October 1
54,Who have been recently appointed as the Managing Directors (MD) & Chief Executive Officers (CEO) of Union Bank of India?,Asheesh Pandey,A. Manimekalai,Rajeev Pandey,Kalyan Kumar,Rajesh Kumar,Asheesh Pandey
55,"Which organisation launched ‘Ideabaaz’, India’s first integrated marketplace for start-ups and investors?",SEBI,BSE,NSE,SIDBI,Invest India,NSE
56,Moody’s has affirmed India’s long-term local and foreign-currency issuer ratings at which level?,BBB+,BBB,Baa3,A2,P-3,Baa3
57,"UST and Kaynes Semicon will set up a ₹3,330 crore OSAT facility in which state?",Karnataka,Maharashtra,Gujarat,Tamil Nadu,Telangana,Gujarat
58,Where was the 3rd edition of the Unmesha International Literature Festival held?,Patna,Bhopal,Shimla,Kolkata,New Delhi,Patna
59,"What was India’s milk production in 2023-24, as per the Department of Animal Husbandry and Dairying?",200 million tonnes,220 million tonnes,146.30 million tonnes,250 million tonnes,239.30 million tonnes,239.30 million tonnes
60,The book “Song of India: A Study of the National Anthem” has been authored by whom?,Ramachandra Guha,Jairam Ramesh,Shashi Tharoor,Rudrangshu Mukherjee,Romila Thapar,Rudrangshu Mukherjee
61,Which company has signed a $700 million Sustainability-Linked Trade Facility (SLTF) deal with Standard Chartered?,Reliance Industries,Adani Enterprises,JSW Steel,Tata Power,Larsen & Toubro,Larsen & Toubro
62,"By how much has the Union Cabinet approved an increase in Dearness Allowance (DA) for Central Government employees effective October 1, 2025?",1%,2%,3%,4%,5%,3%
63,Which actor earned an International Emmy Award nomination for Best Actor in 2025 for the biopic “Amar Singh Chamkila”?,Shahid Kapoor,Ranveer Singh,Varun Dhawan,Ayushmann Khurrana,Diljit Dosanjh,Diljit Dosanjh
64,India will build its first cross-border rail links with Bhutan connecting which Indian states to Bhutan?,Sikkim and Arunachal Pradesh,Assam and West Bengal,Assam and Sikkim,Arunachal Pradesh and West Bengal,Sikkim and West Bengal,Assam and West Bengal
65,"Who inaugurated India’s first Maritime Simulation Centre at the Academy of Maritime Education and Training (AMET) Knowledge Park, near Chennai?",Nitin Gadkari,Rajnath Singh,Piyush Goyal,Hardeep Singh Puri,Sarbananda Sonowal,Sarbananda Sonowal
66,Which insurance company signed a bancassurance agreement with Equitas Small Finance Bank to expand insurance access?,ICICI Lombard,HDFC ERGO,TATA AIG General Insurance,SBI General Insurance,Reliance General Insurance,TATA AIG General Insurance
67,"According to the World Gold Council (WGC), what is India’s global rank as an investor in gold ETFs in 2025?",5th,6th,7th,8th,9th,7th
68,"According to the Asian Development Bank (ADB), what is India’s GDP growth forecast for FY26?",6.2%,6.5%,6.7%,7.0%,7.2%,6.5%
69,"As per the Controller General of Accounts (CGA), what percentage of the full- year fiscal deficit target had the Centre reached by August-end 2025?",25%,27%,33%,38.1%,40%,38.1%
70,"According to the new RBI guidelines, what flexibility have lenders received regarding EMI-based floating rate personal loans?",Mandatory switch to fixed rate,No option to switch,Discretion to offer switch at reset,Switch allowed only once during loan tenure,Borrower must decide at loan sanction,Discretion to offer switch at reset
71,"Which bank, in partnership with Freecharge, launched India’s first gold- backed credit line on UPI?",HDFC Bank,Axis Bank,ICICI Bank,Kotak Mahindra Bank,State Bank of India,Axis Bank
72,RBL Bank has partnered with which organization for a bancassurance agreement?,SBI Life Insurance,HDFC Life Insurance,Max Life Insurance,Life Insurance Corporation of India (LIC),ICICI Prudential Life Insurance,Life Insurance Corporation of India (LIC)
73,"For Q3 FY26 (Oct–Dec 2025), what is the interest rate for the Public Provident Fund (PPF)?",7.5%,7.7%,8.2%,7.1%,6.9%,7.1%
74,RBI’s “Scheme for Facilitating Accelerated Payout – Inoperative Accounts and Unclaimed Deposits” will be effective for which period?,April 2025 – March 2026,October 2025 – September 2026,January 2025 – December 2025,July 2025 – June 2026,None of these,October 2025 – September 2026
75,Against which team did the Indian national futsal team record its first-ever international victory?,Kuwait,Australia,Mongolia,Indonesia,Japan,Mongolia
76,How many medals did India win at the 15th edition of the World Para Archery Championships-2025?,5,4,3,6,7,5
77,What was the total receipt of the Government of India up to August 2025?,"₹12,82,709 crore","₹10,50,000 crore","₹14,00,000 crore","₹11,75,000 crore","₹13,50,000 crore","₹12,82,709 crore"
78,"Which institute did the Parcel Directorate, Department of Posts, sign a comprehensive MoU with for innovative and sustainable packaging solutions?",Indian Institute of Packaging,"Indian Institute of Technology, Delhi",National Institute of Design,All India Institute of Packaging,Institute of Materials Handling,Indian Institute of Packaging
79,"Which Act came into effect on October 1, 2025, banning real-money gaming across India?","Digital Gaming Safety Act, 2025","Online Gambling Regulation Act, 2025","Promotion and Regulation of Online Gaming Act, 2025","Responsible eGaming Act, 2025","National Cyber Entertainment Act, 2025","Promotion and Regulation of Online Gaming Act, 2025"
80,Which team won the 8th edition of the Laver Cup 2025?,Team Europe,Team World,Team USA,Team Asia,Team Australia,Team World
81,"According to NCRB’s 2023 report, what percentage of total road accident deaths were caused by speeding?",45.8%,58.6%,23.6%,34.6%,19.2%,58.6%
82,Which company did Garden Reach Shipbuilders & Engineers Ltd (GRSE) sign a USD 62.44 million deal with for constructing hybrid multi-purpose vessels?,ThyssenKrupp,"Carsten Render Schiffsmakler und Reederei GmbH & Co., Germany",Hyundai Heavy Industries,Fincantieri,Daewoo Shipbuilding,"Carsten Render Schiffsmakler und Reederei GmbH & Co., Germany"
83,Maintenance Command of the Indian Air Force signed an MoU with which IIT for collaborative projects on defence technology?,IIT Delhi,IIT Bombay,IIT Kanpur,IIT Madras,IIT Ropar,IIT Ropar
84,The Government of India has extended the export benefits under the RoDTEP scheme till which year?,March 2025,June 2026,December 2025,March 2026,March 2027,March 2026
85,Who was elected as the 37th President of the Board of Control for Cricket in India (BCCI)?,Sourav Ganguly,Roger Binny,Mithun Manas,Rahul Dravid,Anil Kumble,Mithun Manas
86,Which programme did ICAR launch in its 2nd edition as a Brazil-India Cross- Incubation initiative?,AgriStart,MAITRI,FarmInnovate,AgroBridge,CropConnect,MAITRI
87,Which company did Cochin Shipyard Limited sign an MoU with for long-term strategic collaboration in shipbuilding?,"Hyundai Heavy Industries, South Korea","Samsung Heavy Industries, South Korea","Daewoo Shipbuilding, South Korea","HD Korea Shipbuilding & Offshore Engineering, South Korea","Fincantieri, Italy","HD Korea Shipbuilding & Offshore Engineering, South Korea"
88,What type of deposit insurance premium model has been proposed by the Reserve Bank of India (RBI)?,Flat-rate premium model,Interest-linked premium model,Risk-based premium model,Credit growth-based model,Market-linked model,Risk-based premium model
89,By how much has RBI recently raised the limits for IPO financing and loans against shares?,₹10 Lakh to ₹20 Lakh,₹10 Lakh to ₹25 Lakh and ₹20 Lakh to ₹50 Lakh,₹10 Lakh to ₹25 Lakh and ₹20 Lakh to ₹1 Crore,₹5 Lakh to ₹15 Lakh,₹5 Lakh to ₹35 Lakh,₹10 Lakh to ₹25 Lakh and ₹20 Lakh to ₹1 Crore
90,The newly formed Payments Regulatory Board (PRB) by RBI replaces which of the following?,Board for Financial Supervision (BFS),Monetary Policy Committee (MPC),Board for Regulation and Supervision of Payment and Settlement Systems (BPSS),Financial Stability Board (FSB),Digital Payment Council (DPC),Board for Regulation and Supervision of Payment and Settlement Systems (BPSS)
91,Which major reforms did the RBI recently announce for the cooperative banking sector?,Introduction of new digital banking platforms,Reexamination of licensing framework for UCBs and expansion of grievance redressal system,Merger of all cooperative banks with commercial banks,Reduction in repo rate for cooperative banks,Introduction of private equity participation in cooperative banks,Reexamination of licensing framework for UCBs and expansion of grievance redressal system
92,Which major step has been taken by RBI in its final guidelines on “Forms of Business and Prudential Regulation for Investments”?,Increased capital requirement for NBFCs,Removed proposed restriction on overlap between banks and group entities,Imposed limits on banks’ lending to NBFCs,Restricted IPO participation of bank subsidiaries,Introduced new investment ceiling for mutual funds,Removed proposed restriction on overlap between banks and group entities
93,"In October 2025, the RBI’s Monetary Policy Committee decided to keep the repo rate unchanged at –",5.25%,5.5%,5.75%,6%,6.25%,5.5%
94,Which institution recently unveiled its most comprehensive reforms in over a decade to expand corporate credit and deepen capital market activity?,Securities and Exchange Board of India (SEBI),Reserve Bank of India (RBI),Ministry of Finance,NITI Aayog,Insurance Regulatory and Development Authority of India (IRDAI),Reserve Bank of India (RBI)
95,What is the main objective of RBI’s proposal to reduce risk weights for NBFCs’ infrastructure loans?,To increase tax benefits for NBFCs,To reduce cost of infrastructure financing and promote long-term lending,To stop NBFCs from giving infra loans,To merge NBFCs with banks,To raise deposit insurance limit,To reduce cost of infrastructure financing and promote long-term lending
96,Which ministry is coordinating the nationwide campaign “आपक,Ministry of Corporate Affairs,Ministry of Consumer Affairs,Ministry of Finance,Ministry of Home Affairs,Ministry of Labour,Ministry of Finance
97,Where was the 20th Edition of the World Athletics Championships 2025 held?,"Beijing, China","Doha, Qatar","Paris, France","Budapest, Hungary","Tokyo, Japan","Tokyo, Japan"
98,Which project was approved by Bihar Tourism Department in collaboration with IWAI for Patna?,Patna Metro Rail Project,Patna Smart City Transport Plan,Patna River Cruise Initiative,Patna Ferry Service Upgrade,Patna Water Metro Service,Patna Water Metro Service
99,"What did PM Modi release to mark the 100-year anniversary of the RSS on October 1, 2025?",₹50 commemorative coin and a postage stamp,₹100 commemorative coin and a postage stamp,Special edition banknote,Commemorative medal,RSS official magazine,₹100 commemorative coin and a postage stamp
100,What initiative did the Andhra Pradesh government and Visakhapatnam Port Authority agree to under a recent MoU?,National Cruise Tourism Hub,Green Energy Port Initiative,Coastal Fisheries Development Project,National Mega Shipbuilding Cluster at Dugarajapatnam,Inland Waterways Transport Hub,National Mega Shipbuilding Cluster at Dugarajapatnam
101,"According to the 2025 Index of Economic Freedom, what is India’s global rank and economic status?",115th – Moderately Free,98th – Mostly Free,128th – Mostly Unfree,140th – Repressed,75th – Free,128th – Mostly Unfree
102,Which Indian space observatory recently completed a decade of its operation?,Chandrayaan-2,Astrosat,Aditya-L1,Mangalyaan,GSAT-6A,Astrosat
103,What facility was inaugurated at Vijayawada International Airport to enhance passenger experience?,Duty-Free Shopping Zone,Udan Yatri Cafe,VIP Lounge,Airport Hotel,Digital Check-in Kiosks,Udan Yatri Cafe
104,Which company did the Indian Navy sign a Rs. 47 crore contract with for advanced underwater drones?,BEL,Mazagon Dock Shipbuilders,L&T Defence,DRDO,IROV Technologies Private Limited (EyeROV - Kochi),IROV Technologies Private Limited (EyeROV - Kochi)
105,What is the objective of the “Mission for Aatmanirbharta in Pulses” approved by the Union Cabinet?,To promote organic farming of pulses,To achieve self-sufficiency in pulses production,To export pulses to neighboring countries,To reduce pulse consumption in India,To establish international pulse research centers,To achieve self-sufficiency in pulses production
106,What recognition did the Directorate General of Civil Aviation (DGCA) receive recently for aviation safety oversight?,International Civil Aviation Organisation (ICAO) Council President Certificate,ICAO Safety Excellence Award,Global Aviation Safety Medal,DGCA Outstanding Performance Award,Aviation Safety Leadership Certificate,International Civil Aviation Organisation (ICAO) Council President Certificate
107,What event did Rajesh Agrawal inaugurate on International Coffee Day 2025 in Bengaluru?,Coffee Experience Zone and Expo,Coffee Science Conference,National Coffee Awards Ceremony,Coffee Plantation Workshop,International Coffee Festival,Coffee Experience Zone and Expo
108,What new facility has the RBI allowed for NRIs regarding investment in India?,NRIs can invest in Indian mutual funds through rupee accounts.,NRIs can invest in Indian debt market through rupee accounts.,NRIs can invest in real estate using rupee accounts.,NRIs can invest in gold bonds only.,NRIs can open rupee accounts for remittance only.,NRIs can invest in Indian debt market through rupee accounts.
109,What is the purpose of the Mutual Fund Investment Tracing and Retrieval Assistant (MITRA) platform launched by SEBI?,To provide tax benefits on mutual fund investments,To help investors track and reclaim inactive or unclaimed mutual fund folios,To offer high-risk mutual fund schemes,To facilitate direct mutual fund purchases without brokers,To provide educational courses on mutual fund investing,To help investors track and reclaim inactive or unclaimed mutual fund folios
110,Who has joined the board of the Fintech Association for Consumer Empowerment (FACE) as an Independent Director?,M. Rajeshwar Rao,T. Rabi Sankar,Manoranjan Mishra,Shaktikanta Das,Sugandh Saxena,Manoranjan Mishra
111,What is the new deadline set by SEBI for the complete rollout of algorithm trading rules for retail investors?,"October 01, 2025","January 03, 2026","August 01, 2025","November 30, 2025","April 01, 2026","April 01, 2026"
112,Which organisation has been granted SRO status by the RBI for the non-bank lending sector?,NAFR,FINO Council,FIDC,MFIN,IBA,FIDC
113,From which date will UIDAI’s revised Aadhaar service charges become effective?,"July 1, 2025","October 1, 2025","January 1, 2026","September 30, 2025","April 1, 2026","October 1, 2025"
114,"As per the draft Basic Savings Bank Deposit Account (BSBDA) Directions, 2025 issued by the Reserve Bank of India (RBI), by when will the new framework be implemented?","December 31, 2025","January 31, 2026","April 30, 2026","March 31, 2026","June 30, 2026","March 31, 2026"
115,Which two initiatives has SEBI launched to enhance payment security and curb fraudulent fund collections?,UPI Safe & SEBI Verify,Validated UPI Handles & SEBI Check,Investor Shield & UPI Trust,Saarthi Pay & SafeHandle,SEBI SecurePay & UPI Trust,Validated UPI Handles & SEBI Check
116,Where was the 2025 edition of the Chief Science Advisers’ Roundtable (CSAR) held under South Africa’s G20 Presidency?,"Pretoria, South Africa","Johannesburg, South Africa","Cape Town, South Africa","Durban, South Africa","Bloemfontein, South Africa","Pretoria, South Africa"
117,The High-Level Committee chaired by Union Home Minister Amit Shah approved flood mitigation projects worth how much amount?,₹3645.60 crore,₹4445.60 crore,₹4645.60 crore,₹4945.60 crore,₹4245.60 crore,₹4645.60 crore
118,Which exercise was recently completed successfully by the Election Commission of India in Bihar?,Special Intensive Revision (SIR) of electoral rolls,Voter Awareness Campaign,Electoral Photo Verification Drive,Digital Voting Implementation,By-Election Preparatory Exercise,Special Intensive Revision (SIR) of electoral rolls
119,"Who won the 62nd National Chess Championship held in Guntur, Andhra Pradesh?",Grandmaster P. Iniyan,IM H Goutham Krishna,Grandmaster Krishnan Sasikiran,Viswanathan Anand,Pentala Harikrishna,Grandmaster P. Iniyan
120,Which district has become India’s first to be declared free of child marriages under the ‘Child Marriage-Free India’ campaign?,Raipur,Balod,Bilaspur,Durg,Kanker,Balod
121,Which Indian organization virtually participated in the Science Summit 2025 at the 80th United Nations General Assembly in New York?,ISRO,Department of Science and Technology,DRDO,NITI Aayog,CSIR - National Institute of Science Communication and Policy Research,CSIR - National Institute of Science Communication and Policy Research
122,Who topped the M3M Hurun India Rich List 2025 published by M3M India Private Limited in partnership with Hurun Research Institute?,Gautam Adani and family,Cyrus Poonawalla,Roshni Nadar and family,Shiv Nadar,Mukesh Ambani,Mukesh Ambani
123,Which state has received the highest allocation from the ₹1.01 lakh crore fund released by the Centre in October 2025?,Bihar,Maharashtra,Madhya Pradesh,Uttar Pradesh,Rajasthan,Uttar Pradesh
124,Which fighter aircraft was officially retired by the Indian Air Force in a ceremony at Chandigarh Air Force Station?,Mirage 2000,MiG-21,Jaguar,Sukhoi-30MKI,Tejas Mk1A,MiG-21
125,"Which Abu Dhabi-based company acquired a 41.2% stake in Sammaan Capital for ₹8,850 crore?",Mubadala Investment Company,Abu Dhabi Investment Authority (ADIA),International Holding Company (IHC),Avenir Investment RSC Ltd,Emirates Investment Authority,International Holding Company (IHC)
126,Which plant species is Andhra Pradesh Biodiversity Board conserving with NBA funding of ₹82 lakh?,Sandalwood,Banyan,Neem,Teak,Red Sanders,Red Sanders
127,What is the total investment commitment received under the Electronics Component Manufacturing Scheme (ECMS)?,"₹22,919 crore","₹45,000 crore",₹1.15 lakh crore,"₹91,600 crore","₹59,350 crore",₹1.15 lakh crore
128,Which organization signed an MoU with New Space India Limited to establish Direct Broadcast Network stations under Mission Mausam?,Indian Institute of Tropical Meteorology,India Meteorological Department,National Centre for Medium Range Weather Forecasting,Indian Space Research Organisation,Ministry of Earth Sciences,National Centre for Medium Range Weather Forecasting
129,What event did Union Minister Bhupender Yadav preside over related to environmental monitoring in New Delhi?,Launch of National Air Quality Index,51st Foundation Day of Central Pollution Control Board,India Water Quality Summit,National Environmental Science Congress,Launch of Green Energy Mission,51st Foundation Day of Central Pollution Control Board
130,Which company has partnered with Airbus to set up India’s first private- sector Final Assembly Line (FAL) for helicopters?,Hindustan Aeronautics Limited (HAL),Reliance Defence,Mahindra Aerospace,Tata Advanced Systems Limited (TASL),L&T Defence,Tata Advanced Systems Limited (TASL)
131,What is observed globally from October 1 to 31 to promote awareness about breast cancer?,World Cancer Month,Breast Cancer Awareness Month,Health and Wellness Month,Pink Ribbon Month,Women’s Health Month,Breast Cancer Awareness Month
132,What is observed on October 2 as the 19th International Day of Non- Violence?,World Peace Day,Global Harmony Day,Mahatma Gandhi Jayanti,Human Rights Day,International Day of Non-Violence,International Day of Non-Violence
133,Which organisation has provided a USD 190 million loan for the Indore Metro Rail Project?,World Bank,International Monetary Fund (IMF),New Development Bank (NDB),Japan International Cooperation Agency (JICA),Asian Development Bank (ADB),Asian Development Bank (ADB)
134,"As per RBI’s draft proposal, what is the maximum materiality threshold for lending to related parties for large banks with asset size above ₹10 lakh crore?",₹5 crore,₹10 crore,₹25 crore,₹50 crore,₹1 crore,₹50 crore
135,The Reserve Bank of India (RBI) has granted an extension of tenure to Raghavendra Srinivas Bhat as MD & CEO of which bank?,South Indian Bank,Karnataka Bank,Federal Bank,Karur Vysya Bank,City Union Bank,Karnataka Bank
136,Which reforms were announced by the Reserve Bank of India (RBI) alongside the Monetary Policy Committee (MPC) meeting to strengthen the banking sector?,"Risk Based Premium Framework, ECL Provisioning, Revised Basel III norms, Capital Market Lending Reforms","Repo Rate Cut, CRR Hike, Forex Market Reforms, NBFC Liquidity Scheme","Digital Rupee Expansion, Credit Card Framework, UPI Internationalisation, Bond Market Reform","Gold Monetisation Scheme, Banking Merger Policy, Priority Sector Lending Expansion","Inflation Targeting Framework, FPI Investment Reform, Exchange Rate Stabilisation Measures","Risk Based Premium Framework, ECL Provisioning, Revised Basel III norms, Capital Market Lending Reforms"
137,"As per RBI’s new draft ECB framework, what is the maximum amount firms can raise without prior approval?",$500 million,$750 million,$1 billion or 300% of net worth (whichever is higher),$2 billion,$50 million,$1 billion or 300% of net worth (whichever is higher)
138,Who has been appointed as the new Chairman and Managing Director (CMD) of Rail Vikas Nigam Limited (RVNL)?,Pradeep Gaur,S. C. Jain,Ashwini Vaishnaw,Saleem Ahmad,Rajesh Kumar,Saleem Ahmad
139,Which homegrown messaging app developed by Zoho has recently surpassed WhatsApp and Telegram to top India’s app store charts?,Koo,Arattai,Sandes,Bharat Chat,Hike,Arattai
140,Which mobile app was launched to enable youth participation in the Viksit Bharat Young Leaders Dialogue (VBYLD) 2026 Quiz?,YUVA Connect,VBYLD Quiz App,National Youth App,India Leader Portal,MY Bharat,MY Bharat
141,Which Indian cricketer achieved a career-highest rating in the ICC Men’s T20I batting rankings?,Virat Kohli,Rishabh Pant,Abhishek Sharma,Shreyas Iyer,KL Rahul,Abhishek Sharma
142,Who is set to become Japan’s first woman Prime Minister after being elected as the head of the Liberal Democratic Party (LDP)?,Shinjiro Koizumi,Sanae Takaichi,Fumio Kishida,Yoshihide Suga,Yuriko Koike,Sanae Takaichi
143,"Which initiative did Union Minister Manohar Lal Khattar launch under Swachh Bharat Mission-Urban in Sonipat, Haryana?",Swachh Nagar Abhiyan,Swachh Shehar Jodi,Urban Clean Cities Programme,Clean India Mentorship Initiative,Waste Management Partnership Scheme,Swachh Shehar Jodi
144,The government has extended the last date for receiving applications under the PLI scheme for textiles till which date?,"September 30, 2025","December 31, 2025","March 31, 2026","June 30, 2025","December 31, 2024","December 31, 2025"
145,Which treaty has India implemented with Singapore to ensure cooperation in the investigation of singer Zubeen Garg’s death?,Extradition Treaty,Mutual Legal Assistance Treaty (MLAT),Bilateral Investment Treaty,Cybercrime Cooperation Agreement,Anti-Money Laundering Agreement,Mutual Legal Assistance Treaty (MLAT)
146,Which city has become the first in India to get its drinking water supply powered by solar energy funded through green bonds?,Surat,Indore,Bhopal,Pune,Ahmedabad,Indore
147,Which two countries are co-hosting the inaugural Women’s T20 World Cup – Cricket for the Blind?,India and Sri Lanka,India and Pakistan,India and Bangladesh,India and Australia,India and England,India and Sri Lanka
148,Tata Steel Limited signed a Joint Letter of Intent with which country’s government to accelerate decarbonisation of its operations?,Germany,Belgium,France,United Kingdom,Netherlands,Netherlands
149,"Which digital platform was inaugurated by Union Minister Ashwini Vaishnaw to p r o v i d e industry-oriented programs in AI, Cyber Security, Data Science, and Semiconductors?",Digital India University,CyberTech Learning Platform,Indian Tech University,AI & Data Science Academy,NIELIT Digital University (NDU),NIELIT Digital University (NDU)
150,Under which scheme has the Government identified 100 Aspirational Agriculture Districts across India?,Pradhan Mantri Krishi Vikas Yojana,National Agriculture Development Mission,Prime Minister Dhan-Dhaanya Krishi Yojana (PMDDKY),Rashtriya Krishi Utthaan Abhiyan,Kisan Pragati Mission,Prime Minister Dhan-Dhaanya Krishi Yojana (PMDDKY)
151,Which award did India win at the World Social Security Forum (WSSF) 2025?,Global Health Achievement Award,International Social Security Association (ISSA) Award,United Nations Social Development Award,World Employment Excellence Award,Global Labour Rights Award,International Social Security Association (ISSA) Award
152,"Prime Minister Narendra Modi launched youth-focused initiatives worth ₹62,000 crore for which Indian state?",Uttar Pradesh,Bihar,Madhya Pradesh,Jharkhand,Rajasthan,Bihar
153,The Ministry of Defence and the Ministry of Culture signed an MoU for which project to revive India’s ancient maritime craftsmanship?,Project Samudra Shakti,Stitched Ship Project – INSV Kaundinya,Project Sagarmala,Maritime Heritage Mission,Project Neelkanth,Stitched Ship Project – INSV Kaundinya
154,"Which renowned classical vocalist and Padma Vibhushan awardee passed away in Mirzapur, Uttar Pradesh at the age of 89?",Pandit Bhimsen Joshi,Pandit Jasraj,Pandit Chhannulal Mishra,Ustad Bismillah Khan,Pandit Shivkumar Sharma,Pandit Chhannulal Mishra
155,"Which development bank reported a 19.5% growth in net profit for FY 2024– 25, reaching ₹4,811 crore, with a focus on digital innovation, green finance, and financial inclusion?",NABARD,SIDBI,EXIM Bank,RBI,LIC,SIDBI
156,What is SBI’s target for its asset size as a percentage of India’s GDP by 2047?,20%,22%,25%,30%,28%,25%
157,Which organization has introduced new guidelines to provide relief to financially stressed borrowers by easing loan repayment rules?,SEBI,Ministry of Finance,NABARD,Reserve Bank of India (RBI),NITI Aayog,Reserve Bank of India (RBI)
158,"Which bank, in collaboration with PhonePe, launched the Wish Credit Card powered by RuPay?",Utkarsh Small Finance Bank,HDFC Bank,ICICI Bank,Axis Bank,SBI Card,Utkarsh Small Finance Bank
159,"Which company, in collaboration with HDFC Pension Management Company Limited, launched the National Pension System (NPS) Platform Workers Model under the supervision of PFRDA?",Swiggy,Blinkit,Ola,Urban Company,Zomato,Zomato
160,Which subsidiary of Coal India inaugurated its first fully women-operated Central Store Unit at Korba?,Northern Coalfields Limited (NCL),South Eastern Coalfields Limited (SECL),Western Coalfields Limited (WCL),Mahanadi Coalfields Limited (MCL),Central Coalfields Limited (CCL),South Eastern Coalfields Limited (SECL)
161,What is the total estimated cost for the newly approved 57 Kendriya Vidyalayas (KVs) to be established across India from 2026-27?,"Rs 4,500 crore","Rs 5,862.55 crore","Rs 6,200 crore","Rs 7,000 crore","Rs 3,800 crore","Rs 5,862.55 crore"
162,What is the name of the bilateral maritime exercise initiated by the Indian Navy and the Royal Navy of the UK off India’s western coast?,MALABAR,KONKAN,INDRA,SAGAR,VARUNA,KONKAN
163,Where did Union Home Minister Amit Shah inaugurate the expanded capacity of the Dr. Vitthalrao Vikhe Patil Cooperative Sugar Factory?,Pune,Mumbai,Nagpur,Ahilyanagar,Nashik,Ahilyanagar
164,"Who has been appointed as the Brand Ambassador for the Viksit Bharat Buildathon, a nationwide innovation initiative by the Ministry of Education (MoE)?",Group Captain Shubansh Sukla,Rakesh Sharma,Sunita Williams,Kalpana Chawla,Dr. K. Sivan,Group Captain Shubansh Sukla
165,"Which organization constructed the world’s highest motorable road at Mig La Pass near the Line of Actual Control (LAC) at an altitude of 19,400 feet?",National Highways Authority of India (NHAI),Border Roads Organisation (BRO),Indian Army Corps of Engineers,Ministry of Defence,Project Vartak,Border Roads Organisation (BRO)
166,Where will the NaMo Semiconductor Laboratory be established?,IIT Delhi,IIT Bombay,IIT Bhubaneswar,IIT Hyderabad,IISc Bengaluru,IIT Bhubaneswar
167,What initiative has NHAI announced to provide commuters with project- specific information and enhance road safety on national highways?,Smart Toll Booths,QR Code Sign Boards,Highway Surveillance Cameras,Road Safety App,Digital Highway Maps,QR Code Sign Boards
168,Where was India’s first cooperative multi-feed Compressed Biogas (CBG) plant inaugurated?,"Pune, Maharashtra","Kopargaon, Ahilyanagar district, Maharashtra","Varanasi, Uttar Pradesh","Rajkot, Gujarat","Nashik, Maharashtra","Kopargaon, Ahilyanagar district, Maharashtra"
169,Which next-generation hypersonic missile is DRDO preparing to test before the year ends?,Shaurya,Agni-P,Dhvani,Nirbhay,BrahMos-II,Dhvani
170,The Union Cabinet has approved which phase of the Biomedical Research Career Programme (BRCP) to be implemented from 2025-26 to 2030-31?,Phase-I,Phase-II,Phase-III,Phase-IV,Pilot Phase,Phase-III
171,Who won the Irani Cup 2025 by defeating Rest of India?,Mumbai,Saurashtra,Vidarbha,Karnataka,Rest of India,Vidarbha
172,"Which Centrally Sponsored Scheme (CSS) aims to transform ITIs into advanced centres for skilling and employability, with a total investment of Rs. 60,000 crore?",PM-SETU,PM-SVANidhi,Kaushal Vikas Yojana,Skill India Initiative,MNREGA,PM-SETU
173,Who is the author of the book “Regulating and Managing Banks in India: An Economic Perspective”?,Rakesh Mohan,Amaresh Samantaraya,Urjit Patel,Viral Acharya,Arvind Subramanian,Amaresh Samantaraya
174,What is the new official name of the Navi Mumbai International Airport announced by Maharashtra CM Devendra Fadnavis?,D. B. Patil International Airport,Loknete Dinkar Balu (DB) Patil Navi Mumbai International Airport,Devendra Fadnavis International Airport,Maharashtra International Airport,Navi Mumbai DB Airport,Loknete Dinkar Balu (DB) Patil Navi Mumbai International Airport
175,"What is the theme of World Teachers’ Day 2025, celebrated globally on 5th October?",Valuing Teachers,Recasting Teaching as a Collaborative Profession,Teachers for Sustainable Development,Digital Teaching and Learning,Celebrating Educators,Recasting Teaching as a Collaborative Profession
176,In which country did Union Minister Piyush Goyal launch India’s Unified Payments Interface (UPI) to enhance digital and financial cooperation?,Qatar,UAE,Saudi Arabia,Oman,Bahrain,Qatar
177,"According to the World Bank, what is India’s GDP growth estimate for FY26?",6.3%,6.5%,6.7%,6.8%,6.9%,6.5%
178,Which insurance company launched the “Health Alpha” plan — the first retail health insurance product introduced after GST reforms?,HDFC ERGO General Insurance,ICICI Lombard General Insurance,SBI General Insurance,Bajaj Allianz General Insurance,New India Assurance,SBI General Insurance
179,"Which company, in collaboration with YES Bank, launched India’s first biometric card authentication system compliant with RBI’s 2025 guidelines?",Paytm,Razorpay,PhonePe,Google Pay,BharatPe,Razorpay
180,Which Indian stock-trading platform recently achieved unicorn status after a $120 million funding round led by Hornbill Capital and MUFG?,Groww,Zerodha,Angel One,Dhan,Upstox,Dhan
181,What is the revised world goods trade growth forecast for 2025 as per WTO?,0.9%,1.8%,2.4%,4.6%,0.5%,2.4%
182,Which co-operative bank launched India’s first youth-focused digital banking app ‘Cosmos Galgal’?,Saraswat Co-operative Bank,Cosmos Co-operative Bank,Shamrao Vithal Co-operative Bank,Abhyudaya Co-operative Bank,Punjab & Maharashtra Co-operative Bank,Cosmos Co-operative Bank
183,What is the maximum compensation proposed by RBI that the banking ombudsman can award to aggrieved bank customers for consequential loss?,₹10 lakh,₹20 lakh,₹25 lakh,₹30 lakh,₹35 lakh,₹30 lakh
184,ICICI Bank has launched the Corporate Sapphiro Forex Card in collaboration with which global payment network?,Mastercard,Visa,American Express,RuPay,Discover,Visa
185,"What is the name of the 2nd Adamya-class Fast Patrol Vessel officially commissioned in the Indian Coast Guard at Karaikal, Puducherry?",ICGS Shaurya,ICGS Akshar,ICGS Vajra,ICGS Tejas,ICGS Nirbhik,ICGS Akshar
186,Who won the CEAT Lifetime Achievement Award for the 2024–25 season?,Joe Root and Smriti Mandhana,Kane Williamson and Sanju Samson,B.S. Chandrasekhar and Brian Lara,Rohit Sharma and Varun Chakravarthy,Harry Brook and Deepti Sharma,B.S. Chandrasekhar and Brian Lara
187,"Under which scheme have Public Sector Banks (PSBs) sanctioned over 5.79 lakh loans amounting to ₹10,907 crore as of September 2025?",PM Surya Ghar: Muft Bijli Yojana,Ujjwala Yojana,Saubhagya Scheme,Pradhan Mantri Kisan Urja Suraksha evam Utthan Mahabhiyan (PM KUSUM),National Solar Mission,PM Surya Ghar: Muft Bijli Yojana
188,Who were the winners of the 2025 Nobel Prize in Physiology or Medicine for their discoveries concerning peripheral immune tolerance?,"Shimon Sakaguchi, Mary E. Brunkow, Fred Ramsdell","Tasuku Honjo, James Allison","Jennifer Doudna, Emmanuelle Charpentier","Robert Shiller, Joseph Stiglitz","Svante Pääbo, Katalin Karikó","Shimon Sakaguchi, Mary E. Brunkow, Fred Ramsdell"
189,Who won the 2025 Young Champion of the Earth Award for converting banana stems into sustainable Banofi leather?,Joseph Nguthiru,Noemi Florea,Jinali Mody,Vandana Shiva,Ratan Tata,Jinali Mody
190,Which state has recently become the 24th to implement Pradhan Mantri Fasal Bima Yojana (PMFBY)?,Telangana,Mizoram,Gujarat,Bihar,West Bengal,Mizoram
191,"The Union Cabinet approved an incentive scheme worth ₹1,500 crore to promote recycling and production of critical minerals. Under which mission is this scheme launched?",National Mineral Development Mission,Atmanirbhar Bharat Mineral Initiative,National Critical Mineral Mission,Green Circular Economy Mission,Sustainable Mining and Recycling Mission,National Critical Mineral Mission
192,"Which country hosted the 12th edition of the World Para Athletics Championships in 2025, becoming the first South Asian nation to do so?",India,Japan,China,Brazil,Iran,India
193,Which conservation reserve in India was officially recognized by IUCN during the 2025 World Conservation Congress?,Sundarbans Mangrove Reserve,Palk Bay Dugong Conservation Reserve,Kaziranga Rhino Reserve,Great Nicobar Biosphere Reserve,Rann of Kutch Flamingo Reserve,Palk Bay Dugong Conservation Reserve
194,"Which Indian weightlifter won the silver medal in the women’s 48 kg category at the 2025 World Weightlifting Championships held in Førde, Norway?",Saikhom Mirabai Chanu,Karnam Malleswari,P. Gururaja,Monika Devi,Sanjita Chanu,Saikhom Mirabai Chanu
195,"What was the theme of NPS Diwas 2025 celebrated by PFRDA on October 1, 2025?",Pension for All,"Inclusive Pensions, Innovative Solutions: Strengthening Retirement Security in India",Digital Pension Revolution,Retirement Planning for Youth,Sustainable Pension Growth,"Inclusive Pensions, Innovative Solutions: Strengthening Retirement Security in India"
196,When is World Habitat Day 2025 celebrated?,5th October,6th October,7th October,1st October,8th October,6th October
197,"From which date will State and Central Co-operative Banks come under the ambit of the RBI’s Integrated Ombudsman Scheme, 2021?","August 15, 2025","October 1, 2025","November 1, 2025","December 31, 2025","January 1, 2026","November 1, 2025"
198,Who has been appointed as Administrator of Irinjalakuda Town Co-operative Bank after RBI superseded its board?,Mohanan K,T.A. Mohamed Sageer,Raju S. Nair,Shaktikanta Das,V. Vaidyanathan,Raju S. Nair
199,Who launched the pilot linking the FX-Retail platform of Clearcorp with the Bharat Bill Payment System (Bharat Connect)?,T. Rabi Sankar,Shaktikanta Das,Nirmala Sitharaman,Ajay Tyagi,Rajeev Kumar,T. Rabi Sankar
200,What is the initial transaction limit for UPI biometric authentication introduced by the Government of India?,"₹1,000","₹2,500","₹5,000","₹10,000","₹15,000","₹5,000"
201,"The Reserve Bank of India (RBI) has imposed a monetary penalty of ₹31.80 lakh on which bank for non-compliance with its directions under the Credit Card and Debit Card - Issuance and Conduct Directions, 2022?",Citibank N.A.,HSBC Bank,American Express Banking Corp.,Standard Chartered Bank,Deutsche Bank,American Express Banking Corp.
202,"Which Indian payments system has been announced as the first partner onboarded on PayPal World, PayPal’s global payments platform?",BharatQR,UPI,Paytm,Google Pay,PhonePe,UPI
203,Which company recently rebranded its insurance businesses as Bajaj General Insurance and Bajaj Life Insurance after acquiring full ownership?,ICICI Lombard,HDFC ERGO,Tata AIG,SBI General Insurance,Bajaj Finserv,Bajaj Finserv
204,What is the purpose of RBI’s proposed Expected Credit Loss (ECL) framework?,To reduce CRR and SLR for banks,To replace the RTGS payment system,To align India’s banking norms with global standards and improve credit risk assessment,To promote digital payment systems,To merge all public sector banks into one,To align India’s banking norms with global standards and improve credit risk assessment
205,Which Urban Cooperative Bank’s licence has been cancelled by the Reserve Bank of India (RBI) in October 2025?,"Jijamata Sahakari Bank, Satara","Saraswat Co-operative Bank, Mumbai","Rupee Co-operative Bank, Pune","Punjab & Maharashtra Co-operative Bank, Mumbai","Abhyudaya Co-operative Bank, Mumbai","Jijamata Sahakari Bank, Satara"
206,Which initiative has the Reserve Bank of India (RBI) launched to allow fintech companies to develop and test use cases under the e-Rupee pilot?,Digital Rupee Sandbox,Fintech Innovation Hub,E-Payments Pilot Program,Retail Banking Sandbox,Digital Finance Lab,Digital Rupee Sandbox
207,The Reserve Bank of India has launched the 71st round of which quarterly survey for the reference period July – September 2025?,Industrial Outlook Survey (IOS),Consumer Confidence Survey (CCS),"Order Books, Inventories and Capacity Utilisation Survey (OBICUS)",Inflation Expectations Survey (IES),Services Sector Utilisation Survey,"Order Books, Inventories and Capacity Utilisation Survey (OBICUS)"
208,"RBI imposed a monetary penalty of ₹4.20 lakh on which NBFC for non- compliance with KYC Directions, 2016?",Bajaj Finance Ltd,HDB Financial Services Ltd,Tata Capital Financial Services,Muthoot Finance,Shriram Finance,HDB Financial Services Ltd
209,Who has been appointed as the 11th Director-General of UNESCO?,Audrey Azoulay,Firmin Edouard Matoko,Moussa Faki Mahamat,Amadou-Mahtar M’Bow,Khaled El-Enany,Khaled El-Enany
210,Which organization released the ‘Indian Radio Software Architecture (IRSA) standard 1.0’ to enable interoperability in military communication?,Bharat Electronics Limited (BEL),Defense Research and Development Organization (DRDO),Indian Space Research Organisation (ISRO),Border Roads Organisation (BRO),Ministry of Defence (MoD),Defense Research and Development Organization (DRDO)
211,What recent approval has the Union Cabinet given regarding the national song “Vande Mataram”?,Declared it as India’s national anthem,Approved a nationwide celebration of its 150th anniversary,Included it in the school curriculum,Commissioned a new musical composition,Celebrated it as an international day,Approved a nationwide celebration of its 150th anniversary
212,Who were awarded the 2025 Nobel Prize in Chemistry?,"Susumu Kitagawa, Richard Robson, Omar Mwannes Yaghi","John Clarke, Michel Henri Devoret, John Matthew Martinis","Frances Arnold, George Smith, Gregory Winter","Carolyn Bertozzi, Morten Meldal, K. Barry Sharpless","Ahmed Zewail, Richard Smalley, Robert Curl","Susumu Kitagawa, Richard Robson, Omar Mwannes Yaghi"
213,What is celebrated globally on 7th October as a day dedicated to cotton?,World Textile Day,World Cotton Day,International Fiber Day,Global Agriculture Day,Cotton Awareness Day,World Cotton Day
214,Which organization launched its 2nd verified WhatsApp channel for public awareness under the ‘RBI Kehta Hai’ initiative?,SEBI,IRDAI,RBI,Ministry of Finance,NABARD,RBI
215,"As per the latest amendment to the National Highways Fee (Determination of Rates and Collection) Rules, 2008, how much will vehicles be charged if they pay toll fees via UPI without a valid FASTag?",Equal to applicable user fee,1.25 times the applicable user fee,1.5 times the applicable user fee,2 times the applicable user fee,3 times the applicable user fee,1.25 times the applicable user fee
216,"Which bank in India has become the first to act as a UPI-ICD Acquirer, allowing UPI-based interoperable cash deposits?",State Bank of India,Union Bank of India,TJSB Sahakari Bank,HDFC Bank,ICICI Bank,TJSB Sahakari Bank
217,"What is the maximum withdrawal limit imposed by RBI on The Baghat Urban Co-operative Bank Ltd., Solan?","₹5,000","₹10,000","₹25,000","₹50,000","₹1,00,000","₹10,000"
218,The recently launched Foreign Currency Settlement System (FCSS) at GIFT City currently supports transactions in which currency?,Euro,Pound,US Dollar,Yen,Rupee,US Dollar
219,Which organization has launched its new tech subsidiary ‘NPCI Tech Solutions Limited (NTSL)’ to promote innovation and research in the fintech sector?,Reserve Bank of India,SIDBI,State Bank of India,NITI Aayog,National Payments Corporation of India,National Payments Corporation of India
220,"What is the rate of interest on the Government of India Floating Rate Bond 2028 (GOI FRB 2028) for the period October 4, 2025 – April 3, 2026?",6.10%,6.22%,6.35%,6.50%,6.75%,6.22%
221,Which bank has officially launched Innovation Banking in India with a USD 1 billion non-dilutive debt capital allocation for startups?,HSBC Bank,Standard Chartered Bank,Citibank,DBS Bank,Barclays Bank,HSBC Bank
222,What is the new minimum threshold for block deals as per SEBI’s latest revision?,₹5 crore,₹10 crore,₹15 crore,₹25 crore,₹50 crore,₹25 crore
223,Which event marked the 60th anniversary of diplomatic relations between India and Singapore?,India-Singapore @60: Partnership for Growth & Engagement,India-Singapore Economic Summit,ASEAN-India Business Forum,India-Singapore Innovation Week,Bilateral Trade Dialogue,India-Singapore @60: Partnership for Growth & Engagement
224,India recently signed a £350-million defence deal with which country to buy missiles for the Indian Army?,France,Russia,United States,United Kingdom,Israel,United Kingdom
225,"Which institute has signed an MoU with the Ministry of Minority Affairs (MoMA) for a skilling project under the PM VIKAS scheme in Palakkad, Kerala?",Indian Institute of Technology Delhi,Indian Institute of Technology Palakkad,Indian Institute of Science Bangalore,National Institute of Technology Trichy,Jawaharlal Nehru University,Indian Institute of Technology Palakkad
226,Where was the 8th session of the International Solar Alliance (ISA) Assembly held?,"Vigyan Bhavan, New Delhi","Bharat Mandapam, New Delhi","Rashtrapati Bhavan, New Delhi","India Habitat Centre, New Delhi","Pragati Maidan, New Delhi","Bharat Mandapam, New Delhi"
227,"Which coal mine, launched in Arunachal Pradesh, marks the state’s first commercial coal mining operation?",Namchik Namphuk Coal Mine,Makum Coal Mine,Talcher Coal Mine,Jharia Coal Mine,Raniganj Coal Mine,Namchik Namphuk Coal Mine
228,What is the main objective of India’s ‘National Red List Assessment’ project?,To assess forest health,To publish National Red Data Books on flora and fauna by 2030,To conserve water resources,To increase tiger population,To reduce air pollution,To publish National Red Data Books on flora and fauna by 2030
229,What is the name of the new apex federal agency established by the Indian government for integrated transport planning?,National Transport Authority,Gati-Shakti Transport Planning & Research Organisation (GTPRO),Indian Transport Research Institute,Ministry of Integrated Transport Planning,National Infrastructure Planning Agency,Gati-Shakti Transport Planning & Research Organisation (GTPRO)
230,Who has been awarded the 2025 Nobel Prize in Literature?,Imre Kertész,Orhan Pamuk,Milan Kundera,Haruki Murakami,László Krasznahorkai,László Krasznahorkai
231,"During Wildlife Week 2025, which initiative’s foundation stone was laid by Union Minister Shri Bhupender Yadav at Manesar?",Project Tiger,Namo Van,Biodiversity Park,Eco Green Initiative,Forest Conservation Drive,Namo Van
232,What is the theme of the 93rd Indian Air Force Day 2025 celebrated on 8th October?,"Indian Air Force – Courageous, Committed and Capable","Indian Air Force – Infallible, Impervious and Precise","Indian Air Force – Strong, Swift and Skilled","Indian Air Force – Vigilant, Valorous and Valiant","Indian Air Force – Ready, Reliable and Resilient","Indian Air Force – Infallible, Impervious and Precise"
233,SEBI is working with which two institutions to enable remote KYC access for NRIs?,RBI and UIDAI,NPCI and RBI,UIDAI and Finance Ministry,RBI and IRDAI,None of These,RBI and UIDAI
234,What new feature did NPCI unveil at the Global Fintech Festival 2025 for UPI transactions?,UPI transactions via cryptocurrency,"On-device biometric authentication, UPI Lite for smart glasses, Aadhaar-based face authentication, and Multi-Signatory UPI",UPI only through debit cards,UPI PIN removal for all transactions,QR code payments disabled,"On-device biometric authentication, UPI Lite for smart glasses, Aadhaar-based face authentication, and Multi-Signatory UPI"
235,Which bank received a ‘Letter of Caution’ from RBI for non-compliance with KYC norms?,HDFC Bank,ICICI Bank,Axis Bank,Yes Bank,Kotak Mahindra Bank,Axis Bank
236,The Government of India has allowed candidates from which sector to apply for top management roles in public sector banks including SBI?,Defence Sector,Education Sector,Private Sector,Cooperative Sector,Agriculture Sector,Private Sector
237,Which bank launched the ‘My Business QR’ initiative to provide small merchants with digital profiles and mini online stores?,ICICI Bank,HDFC Bank,Axis Bank,State Bank of India,Kotak Mahindra Bank,HDFC Bank
238,How much loan amount has SBI provided to MSMEs through the SME Digital Business Loans platform in the last 15 months?,"₹54,000 crore","₹60,200 crore","₹74,434 crore","₹82,000 crore","₹90,000 crore","₹74,434 crore"
239,RBI will consolidate how many circulars into 238 Master Directions by October 2025?,"5,000","7,500","9,000","10,000","3,500","9,000"
240,Who has been appointed as the Executive Director of the Reserve Bank of India (RBI)?,Shaktikanta Das,Urjit Patel,Viral Acharya,Raghuram Rajan,Sanjay Kumar Hansda,Sanjay Kumar Hansda
241,"As per the RBI’s new rule, for how long can exporters keep their foreign exchange proceeds in a Foreign Currency Account at IFSC?",1 month,2 months,3 months,6 months,12 months,3 months
242,Which initiative has RBI launched to expand public awareness through WhatsApp?,RBI Digital Banking App,RBI Kehta Hai verified WhatsApp channel,RBI SMS Alerts only,RBI YouTube Awareness Campaign,RBI Email Newsletter,RBI Kehta Hai verified WhatsApp channel
243,Which organizations have launched the pilot for AI-driven UPI payments on ChatGPT in India?,RBI,NPCI and Razorpay,Paytm,SBI,Google Pay,NPCI and Razorpay
244,Who represented India at the Closing Ceremony of MONDIACULT 2025 in Barcelona?,G. Kishan Reddy,Smriti Irani,Prahlad Singh Patel,Arjun Munda,Amita Prasad Sarbhai,Amita Prasad Sarbhai
245,Who is the author of the book “Maine Cancer Ko Jeet Liye” (I am a Cancer Survivor)?,Dr. P. Vijay Anand Reddy,G. Kishan Reddy,C. Rajagopalachari,Dr. Devi Shetty,Kiran Bedi,Dr. P. Vijay Anand Reddy
246,What is the total installed capacity of the Sawalkote Hydro Electric Project on the Chenab River?,"1,200 MW","1,500 MW","1,856 MW","2,000 MW","1,750 MW","1,856 MW"
247,"Which UK leader visited Mumbai for a two-day trade-focused visit in 2025, marking his first official trip to India as Prime Minister?",Boris Johnson,Rishi Sunak,Keir Starmer,David Cameron,Theresa May,Keir Starmer
248,Which platform has the Department of Agriculture and Farmers Welfare recently expanded by adding nine new commodities?,AgriStack,e-NAM,Krishi Vigyan Kendra,PM Kisan Portal,Rashtriya Krishi Vikas Yojana,e-NAM
249,Who became the first Indian cricketer to score 10 centuries in the World Test Championship (WTC)?,Virat Kohli,Rohit Sharma,Shubman Gill,Rishabh Pant,Ajinkya Rahane,Shubman Gill
250,Who has retained the top spot as India’s richest person in Forbes 100 India’s Richest 2025 list?,Mukesh Ambani,Radhakishan Damani,Gautam Adani,Shiv Nadar,Cyrus Poonawalla,Mukesh Ambani
251,Which Indian startup will launch the world’s first multi-sensor Earth Observation (EO) satellite ‘Mission Drishti’ in 2026?,Skyroot Aerospace,Agnikul Cosmos,GalaxEye,Pixxel,Dhruva Space,GalaxEye
252,Who has been awarded the 2025 Nobel Peace Prize by the Norwegian Nobel Committee?,Malala Yousafzai,Aung San Suu Kyi,Greta Thunberg,Volodymyr Zelenskyy,María Corina Machado,María Corina Machado
253,"Which ministry has recently amended the PLI scheme for Manmade Fibres (MMF) apparel, fabrics, and technical textiles?",Ministry of Commerce and Industry,"Ministry of Micro, Small & Medium Enterprises",Ministry of Textiles,Ministry of Finance,NITI Aayog,Ministry of Textiles
254,Indian Railways is set to sign an MoU with which homegrown navigation app developer?,Inshorts,NaviMap,MapmyIndia (Mappls),Bharat Maps,InfoNav,MapmyIndia (Mappls)
255,Which country has inaugurated the world’s first solar thermal power station in the Gobi Desert?,India,United Arab Emirates,Saudi Arabia,United States,China,China
256,What is the name of the national-level exercise conducted by the Indian Coast Guard to enhance preparedness for marine oil spill incidents?,MARPOL Exercise,NATPOLREX-X,Oil Spill Response Drill,Coastal Preparedness Exercise,NOSDCP Exercise,NATPOLREX-X
257,Which campaign has been launched by the Ministry of Education and Ministry of Health & Family Welfare to promote tobacco-free learning environments in India?,Swachh Bharat Abhiyan,Fit India Movement,Ayushman Bharat Yojana,National Nutrition Mission,Tobacco-Free Youth Campaign 3.0 (TFYC 3.0),Tobacco-Free Youth Campaign 3.0 (TFYC 3.0)
258,"Who is the Taliban leader visiting India from October 9 to 16, 2025, marking the first visit of a top Taliban official since 2021?",Mullah Abdul Ghani Baradar,Khalil Haqqani,Hibatullah Akhundzada,Sher Mohammad Abbas Stanikzai,Amir Khan Muttaqi,Amir Khan Muttaqi
259,Who has been designated as India’s Mental Health Ambassador on World Mental Health Day?,Priyanka Chopra,Deepika Padukone,Alia Bhatt,Vidya Balan,None of the Above,Deepika Padukone
260,When is World Migratory Bird Day (WMBD) observed in 2025?,1st January,2nd April,25th December,15th August,2nd Saturday of May and October,2nd Saturday of May and October
261,What is the target percentage of female workforce SBI aims to achieve by 2030?,25%,27%,30%,33%,35%,30%
262,Jio Payments Bank has won the MLFF project to implement a FASTag-based ANPR system between which two cities?,Delhi and Agra,Mumbai and Pune,Gurugram and Jaipur,Bengaluru and Mysuru,Hyderabad and Vijayawada,Gurugram and Jaipur
263,What are the key changes introduced in the Reserve Bank of India’s bank locker rules for 2025?,Mandatory revised agreement and digital copy for customers,"Biometric access, 24×7 CCTV, and alerts on locker access",Compensation up to 100 times annual rent if the bank is at fault,Updated indicative annual rent based on locker size and city,All of the above,All of the above
264,"According to CBDT data, India’s net direct tax collection grew by what percentage to ₹11.89 lakh crore during April–October 2025?",4.8%,5.5%,6.3%,7.2%,8.1%,6.3%
265,Which city has launched India’s first QR code-based kiosk for traffic challan payments?,Mumbai,Gurugram,Bengaluru,Hyderabad,Pune,Gurugram
266,The Government of India has revised guidelines to allow candidates from which sector to apply for top leadership roles like Managing Director (MD) in SBI and Executive Director (ED) in Public Sector Banks (PSBs)?,Defence Sector,Private Sector,Cooperative Sector,Public Enterprises,Non-Banking Financial Companies (NBFC) Sector,Private Sector
267,What was India’s retail inflation rate in September 2025 — the lowest in 8 years?,2.6%,1.8%,1.54%,1.46%,3.1%,1.54%
268,What is the total planned hydroelectric capacity from the Brahmaputra basin by 2047?,64 GW,69 GW,76 GW,80 GW,72 GW,76 GW
269,What recent initiative has CBIC introduced for IFSC code registration to enhance Ease of Doing Business?,System-based auto-approval for IFSC code registration,Manual verification of IFSC code by Port officers,Offline submission of IFSC registration forms,Annual renewal of IFSC code registration,Linking IFSC code registration with PAN card only,System-based auto-approval for IFSC code registration
270,Which category of voters can now cast their vote through postal ballot as per the Election Commission’s recent notification?,Electors above 85 years of age,Electors with benchmark disabilities,Electors on essential services on the date of poll,Media persons authorized for poll day coverage,All of the above,All of the above
271,Where was the 6th edition of the Global Fintech Festival (GFF 2025) held?,"Bengaluru, Karnataka","Hyderabad, Telangana","Mumbai, Maharashtra","New Delhi, Delhi","Pune, Maharashtra","Mumbai, Maharashtra"
272,Who among the following were awarded the Nobel Prize in Economic Sciences 2025 for explaining innovation-driven economic growth?,"Abhijit Banerjee, Esther Duflo and Michael Kremer","Joel Mokyr, Philippe Aghion and Peter Howitt","Thomas Sargent, Paul Romer and Robert Solow","Angus Deaton, Jean Tirole and Joseph Stiglitz","Oliver Hart, Bengt Holmström and Richard Thaler","Joel Mokyr, Philippe Aghion and Peter Howitt"
273,Who won the Kenton R. Miller Award for Innovation in National Parks and Protected Area Sustainability at the IUCN World Conservation Congress 2025?,Kenton R. Miller,Roque Simón Sevilla Larrea,Vahagn Khachaturyan,Dr. Sonali Ghosh,None of the above,Dr. Sonali Ghosh
274,Which three major ports have been officially recognised as Green Hydrogen Hubs under India’s National Green Hydrogen Mission?,Deendayal Port (Gujarat),V. O. Chidambaranar Port (Tamil Nadu),Paradip Port (Odisha),Both A and B,"All A, B and C","All A, B and C"
275,"What is ‘Breathable Art’, recently inaugurated at Swarn Jayanti Park, Rohini?",An art installation made of air-purifying plants to raise awareness on air pollution,A sculpture made from recycled plastics to promote waste management,A digital exhibition on environmental conservation,A mobile air quality monitoring station,A campaign on electric vehicle promotion,An art installation made of air-purifying plants to raise awareness on air pollution
276,"Who won the 48th Mrs. Universe crown in 2025, becoming the first Indian to do so?",Sherry Singh,Urmimala Boruah,Priyanka Chopra,Lara Dutta,Sushmita Sen,Sherry Singh
277,What percentage of interest subsidy will MSME exporters receive under the new scheme announced by the Government of India?,2%,3%,4%,5%,6%,3%
278,"What is SAKSHAM, recently initiated by the Indian Army, and what is its purpose?","A high-end, modular Command and Control (C2) System for countering unmanned aerial threats",A new indigenous tank for frontline operations,An advanced missile defense system,A satellite-based communication system,A cyber-security platform for the Indian Army,"A high-end, modular Command and Control (C2) System for countering unmanned aerial threats"
279,Which country has recently become the newest State Member of the International Union for Conservation of Nature (IUCN)?,Kazakhstan,Georgia,Azerbaijan,Armenia,Uzbekistan,Armenia
280,"During Prime Minister Narendra Modi’s State visit to Brazil in July 2025, what bilateral trade target was set between India and Brazil for the next five years?",USD 10 billion,USD 15 billion,USD 20 billion,USD 25 billion,USD 30 billion,USD 20 billion
281,"What is the Flipkart Bharat Yatra Card, and which payment network powers it?",A credit card powered by Visa,A debit card powered by Mastercard,A prepaid transit card powered by RuPay,A loyalty card powered by American Express,A gift card powered by UPI,A prepaid transit card powered by RuPay
282,What is the main purpose of RBI’s Digital Payments Intelligence Platform (DPIP)?,Boost UPI transaction limits,Detect and prevent payment frauds in real time,Promote credit card usage,Enable offline digital payments,Create a digital rupee monitoring system,Detect and prevent payment frauds in real time
283,Which bank signed an MoU with the BSF under the Rakshak Salary Package to enhance financial benefits for personnel and veterans?,State Bank of India,Bank of India,Punjab National Bank,Canara Bank,HDFC Bank,Bank of India
284,Which company has partnered with NPCI to launch India’s first wearable payments ecosystem?,PhonePe,Paytm,Muse Wearables,Pine Labs,Razorpay,Muse Wearables
285,What are the key changes introduced by RBI in 2025 regarding CIBIL scores for bank customers?,CIBIL scores will now be updated twice a month,Customers will be informed whenever their score is checked,Banks cannot reject requests secretly; reasons must be communicated,Customers get one free full credit report per year,All of the above,All of the above
286,"Under the new EPFO withdrawal rules, what percentage of the Provident Fund balance can members now withdraw?",50%,75%,90%,100%,25%,100%
287,Who launched three new door-to-door freight and parcel services from New Delhi?,Piyush Goyal,Nirmala Sitharaman,Ashwini Vaishnaw,Jyotiraditya Scindia,Hardeep Singh Puri,Ashwini Vaishnaw
288,Who has been reappointed as the Prime Minister of France by President Emmanuel Macron in October 2025?,François Bayrou,Élisabeth Borne,Sébastien Lecornu,Gabriel Attal,Jean Castex,Sébastien Lecornu
289,What is Exercise AUSTRAHIND 2025 and where was it held?,A bilateral naval exercise between India and Australia,A special forces exercise,A joint air force exercise,A UN peacekeeping drill,A bilateral army exercise between India and Australia,A bilateral army exercise between India and Australia
290,"Which initiative has NeGD partnered with to provide advisory support for platform integration, security, and governance under the Ministry of Electronics & IT?",Ola Cabs,Bharat Taxi,Uber India,Meru Cabs,Rapido,Bharat Taxi
291,"Who won the inaugural Archery Premier League (APL) in 2025 after a thrilling shoot-off at Yamuna Sports Complex, New Delhi?",Prithviraaj Yodhas,Rajputana Royals,Delhi Archers,Jaipur Titans,Rajasthan Rangers,Rajputana Royals
292,Which state is hosting the BHASHINI Rajyam Workshop organized by the Digital India BHASHINI Division of MeitY?,Tamil Nadu,Kerala,Karnataka,Andhra Pradesh,Telangana,Kerala
293,"Which two Indian Navy ships were decommissioned at Naval Dockyard, Mumbai after over three decades of service?",INS Abhay and INFAC T-82,INS Vikrant and INS Delhi,INS Trikand and INS Tarkash,INS Kirpan and INS Kora,INS Ranvijay and INS Rajput,INS Abhay and INFAC T-82
294,Which two agricultural schemes were launched by the Government of India in 2025 to promote crop diversification and pulse self-sufficiency?,PM Kisan Samman Nidhi & Pradhan Mantri Fasal Bima Yojana,PM Dhan Dhaanya Krishi Yojana & Mission for Aatmanirbharta in Pulses,Soil Health Card Scheme & National Food Security Mission,Pradhan Mantri Krishi Sinchai Yojana & Rashtriya Krishi Vikas Yojana,PM Crop Diversification Scheme & Pulse Development Mission,PM Dhan Dhaanya Krishi Yojana & Mission for Aatmanirbharta in Pulses
295,What is the purpose of the ‘Shraddhanjali’ scheme launched by Assam CM Himanta Biswa Sarma?,To provide free education to children in Assam,To ensure dignified return of mortal remains of Assamese residents dying outside the state,To promote tourism in Assam,To provide health insurance to low-income families,To support farmers with crop insurance,To ensure dignified return of mortal remains of Assamese residents dying outside the state
296,Which institute has signed an MoU with the Ministry of Minority Affairs for a skilling project under the PM VIKAS scheme?,IIT Madras,IIT Delhi,IIT Palakkad,IIT Bombay,IIT Kanpur,IIT Palakkad
297,Who won the top prize at the Big Cat Conservation Awards 2025 organised by MoEFCC and IBCA?,Abhijit Chattopadhyay,Rajarshi Banerji,Narayan Malu,Anil Kumar,Vivek Menon,Rajarshi Banerji
298,NPCI International Payments Ltd (NIPL) has signed an MoU with which company for UPI acceptance in Japan?,Sony Japan,NTT DATA Japan,Rakuten Payments,SoftBank Pay,Mitsubishi Finance,NTT DATA Japan
299,What is the extended deadline for the 16th Finance Commission to submit its report?,"October 31, 2025","November 30, 2025","December 31, 2025","January 31, 2026","February 28, 2026","November 30, 2025"
300,When was the RBI Retail Direct Scheme (RDS) launched to allow individual investors to invest directly in Government Securities (G-Secs)?,January 2020,November 2021,March 2022,July 2023,April 2024,November 2021
301,Under which fund did NABARD recently announce its investment at the Global Fintech Festival 2025?,AgriVikas Fund,AgriSURE Fund,RuralTech Fund,Kisan Innovation Fund,FinAgri Fund,AgriSURE Fund
302,How many UPI transactions were processed in September 2025?,20.01 billion,19.63 billion,18.75 billion,21.5 billion,22.0 billion,19.63 billion
303,"Who will inaugurate four farmers’ training and agro-processing centres in Koppal, Raichur, Ballari, and Vijayanagara districts of Karnataka?",Narendra Singh Tomar,Nirmala Sitharaman,Amit Shah,Piyush Goyal,Rajnath Singh,Nirmala Sitharaman
304,"As per the latest IMF World Economic Outlook, what is India’s projected GDP growth rate for FY 2025–26?",6.2%,6.4%,6.6%,6.8%,6.9%,6.6%
305,"Which Indian IT company has secured a ₹14,000 crore deal from the UK’s NHS to modernize its workforce management system?",TCS,Wipro,Infosys,Cognizant,Tech Mahindra,Infosys
306,What is the SPARK 4.0 program launched by the Ministry of AYUSH?,A scholarship for MBBS students,A short-term research program for BAMS students,A nationwide Ayurveda awareness campaign,A postgraduate Ayurveda fellowship,A training program for Ayurveda faculty,A short-term research program for BAMS students
307,Which Indian shipyard has recently been granted ‘Mini-Ratna’ status?,Cochin Shipyard Limited,Mazagon Dock Shipbuilders,Hindustan Shipyard Limited,Garden Reach Shipbuilders,Goa Shipyard Limited,Hindustan Shipyard Limited
308,Who was appointed as President-Elect of the Federation of Indian Chambers of Commerce & Industry (FICCI) for 2025–26?,Harsha Vardhan Agarwal,Anant Goenka,Jyoti Vij,Ratan Tata,Sunil Bharti Mittal,Anant Goenka
309,Where was the 1st edition of the India-South Korea naval bilateral exercise held?,Mumbai,Visakhapatnam,Busan,Chennai,Goa,Busan
310,Which organization issued a global medical alert regarding contaminated cough syrups linked to child deaths in India?,UNICEF,WHO,ICMR,NITI Aayog,CDSCO,WHO
311,Which state in India had 5 of its beaches receive the international Blue Flag certification for the first time?,Maharashtra,Kerala,Goa,Tamil Nadu,Odisha,Maharashtra
312,Google announced a $15 billion investment to set up India’s largest AI hub in which state?,Karnataka,Maharashtra,Andhra Pradesh,Gujarat,Tamil Nadu,Andhra Pradesh
313,What was the name of the DRI operation under which 10.488 kg of foreign- origin gold was seized at Mumbai Airport?,Operation Golden Sweep,Operation Gold Dust,Operation Yellow Shine,Operation Bullion Net,Operation Aurum,Operation Golden Sweep
314,What is India’s rank in the 2025 Henley Passport Index?,80th,85th,75th,90th,70th,85th
315,The Labour Ministry recently signed an MoU with which company to enhance gig and tech-enabled livelihood opportunities through the National Career Service (NCS) platform?,Amazon,Swiggy,Zomato,Rapido,Zepto,Zomato
316,Who became the first Indian Managing Director (MD) and CEO of Hyundai Motor India Limited (HMIL)?,Unsoo Kim,Vikram Mehta,Rakesh Sharma,Sunil Bhagat,Tarun Garg,Tarun Garg
317,Which Union Minister visited the India Meteorological Department to review the Web-GIS based Multi-Hazard Early Warning Decision Support System?,Dr. Harsh Vardhan,Dr. Jitendra Singh,Dr. Ashwini Kumar,Dr. S. Jaishankar,Dr. Ramesh Pokhriyal,Dr. Jitendra Singh
318,Which Indian city has been recommended to host the centenary edition of the Commonwealth Games?,Delhi,Mumbai,Bengaluru,Ahmedabad,Kolkata,Ahmedabad
319,What is the name of the scheme launched by UIDAI to foster innovation and collaboration in the digital identity domain?,DigiTech India,Innovation with Aadhaar (IWA),Digital Identity Innovation Program,Aadhaar Innovation Hub,Scheme for Innovation and Technology Association with Aadhaar (SITAA),Scheme for Innovation and Technology Association with Aadhaar (SITAA)
320,"Who has been appointed as the Managing Director & CEO of Suryoday Small Finance Bank, with tenure extended until January 22, 2029?",Umesh Revankar,Baskar Babu Ramachandran,Vishal Kapoor,Ramesh Iyer,Arvind Sharma,Baskar Babu Ramachandran
321,Which company has launched India’s first business-specific e-RUPI (Digital e- Rupee) voucher issuance platform?,CotoPay (Cotodel Technologies Pvt. Ltd.),PhonePe,Paytm Payments Bank,Razorpay,BharatPe,CotoPay (Cotodel Technologies Pvt. Ltd.)
322,Which company has partnered with PayU Finance to offer credit solutions to restaurant partners?,Swiggy,Zomato,Dunzo,BigBasket,FoodPanda,Swiggy
323,Bharti Airtel has partnered with which global technology firm to integrate AI tools into its cloud product?,Google,Amazon Web Services,Microsoft,IBM,Oracle,IBM
324,For which term was India elected unopposed to the United Nations Human Rights Council (UNHRC)?,2025–27,2026–28,2027–29,2024–26,2023–25,2026–28
325,"Who authored the book ‘Ready, Relevant and Resurgent II: Shaping a Future Ready Force’ released by Raksha Mantri Rajnath Singh?",Maj Gen (Dr) Ashok Kumar,Rajan Arya,General Anil Chauhan,Rajnath Singh,General Bipin Rawat,General Anil Chauhan
326,What was India’s rank and score in the 2025 Global Hunger Index (GHI)?,"95th, 23.5","102nd, 25.8","105th, 27.3","110th, 28.6","98th, 24.2","102nd, 25.8"
327,Which composer has collaborated with Google Cloud to develop the AI- powered metahuman digital avatar band “Secret Mountain”?,Ilaiyaraaja,A.R. Rahman,Shankar–Ehsaan–Loy,Amit Trivedi,Pritam,A.R. Rahman
328,"Under which rule of the Conduct of Elections Rules, 1961, can visually impaired voters take a companion to assist them while voting?",Rule 45N,Rule 47N,Rule 49N,Rule 50N,Rule 51N,Rule 49N
329,When and where will the fifth edition of Khelo India University Games (KIUG) be held?,"November 1–12, 2025 in Maharashtra","November 24 – December 5, 2025 in seven cities of Rajasthan","December 10–20, 2025 in Gujarat","October 15–25, 2025 in Punjab","November 5–15, 2025 in West Bengal","November 24 – December 5, 2025 in seven cities of Rajasthan"
330,What is Samudra Shakti 2025 and where was it held?,"A bilateral naval exercise between India and Indonesia, held at Visakhapatnam","A multilateral air force exercise, held in New Delhi","A coastal security drill by Indian Coast Guard, held in Chennai","An international army exercise, held in Rajasthan","A UN peacekeeping exercise, held in Mumbai","A bilateral naval exercise between India and Indonesia, held at Visakhapatnam"
331,Which year has the Gujarat government declared as the “Year of Urban Development”?,2023,2024,2025,2026,2027,2025
332,What financial assistance enhancements were approved by Raksha Mantri Rajnath Singh for Ex-Servicemen (ESM) and their dependents?,Only Penury Grant doubled,Only Marriage Grant increased,Only Education Grant increased,"Penury Grant, Education Grant, and Marriage Grant increased",No changes approved,"Penury Grant, Education Grant, and Marriage Grant increased"
333,The Institute of Chartered Accountants of India (ICAI) has collaborated with which ministry to support India’s national Artificial Intelligence Mission?,Ministry of Finance,Ministry of Electronics and Information Technology,Ministry of Corporate Affairs,Ministry of Commerce and Industry,NITI Aayog,Ministry of Electronics and Information Technology
334,"Which parachute system did the Indian Air Force successfully test from an altitude of 32,000 feet?",Military Combat Parachute System (MCPS),HAL Para System,Advanced Tactical Parachute (ATP),DRDO Airborne System,High-Altitude Jump Parachute (HAJP),Military Combat Parachute System (MCPS)
335,Which airline has launched the ‘Fare Se Fursat’ fixed airfare scheme aimed at reducing fluctuating airfares in India?,IndiGo,Air India Express,Alliance Air,Akasa Air,SpiceJet,Alliance Air
336,Who inaugurated the Live Cases Dashboard of the Legal Information Management and Briefing System (LIMBS)?,Union Minister of Law and Justice Kiren Rijiju,Union Minister of State Arjun Ram Meghwal,Attorney General of India,Chief Justice of India,Minister of Corporate Affairs,Union Minister of State Arjun Ram Meghwal
337,Who has been elected as Co-Chair of the Regional Committee of UN Global Geospatial Information Management for Asia and the Pacific (UN-GGIM-AP) representing India?,Shri Rajesh Bhushan,Shri Sanjay Kumar,Shri Ajay Kumar,Shri Ramesh Chandra,Shri Hitesh Kumar S. Makwana,Shri Hitesh Kumar S. Makwana
338,"Who was T T Jagannathan, recently in the news for his passing?",Founder of Amul,Chairman Emeritus of TTK Prestige Ltd.,CEO of Infosys,Chairman of Tata Steel,Founder of Dabur,Chairman Emeritus of TTK Prestige Ltd.
339,What is commemorated on October 15 as World Students’ Day 2025?,Birth anniversary of Mahatma Gandhi,Birth anniversary of Dr. A.P.J. Abdul Kalam,National Education Day,International Youth Day,Teachers’ Day,Birth anniversary of Dr. A.P.J. Abdul Kalam
340,What is the current cap on deposit insurance premium per ₹100 of deposits as per RBI policy?,10 paise,12 paise,15 paise,20 paise,25 paise,12 paise
341,"What is the name of India’s first UPI platform exclusively for women, launched by Lxme?",Lxmepay,ShePay,WomenPay,FemmePay,LadyUPI,Lxmepay
342,Zepto recently raised $450 million funding at what valuation?,$3 billion,$5 billion,$6 billion,$7 billion,$8 billion,$7 billion
343,The Government of India plans to launch a new credit guarantee scheme for MSME exporters for loans up to what amount?,₹50 crore,₹75 crore,₹100 crore,₹125 crore,₹150 crore,₹100 crore
344,Which finance company is set to be classified as an Upper-Layer NBFC (NBFC- UL) under the RBI’s scale-based regulation framework?,Bajaj Finance,Axis Finance,Mahindra Finance,HDFC Ltd.,ICICI Finance,Axis Finance
345,State Bank of India (SBI) is likely to raise how much amount via 10-year Tier II Bonds?,"₹5,000 crore","₹6,000 crore","₹7,500 crore","₹10,000 crore","₹12,000 crore","₹7,500 crore"
346,Getepay has partnered with which bank for the deployment of its next- generation payment switch ‘Vega’?,AU Small Finance Bank,Ujjivan Small Finance Bank,ESAF Small Finance Bank,Jana Small Finance Bank,Suryoday Small Finance Bank,ESAF Small Finance Bank
347,"LIC recently increased its stake in Dr. Reddy’s Laboratories to what percentage as of October 15, 2025?",8.21%,9.50%,10.26%,11.00%,12.10%,10.26%
348,"According to RBI, which digital currency should be promoted over stablecoins for cross-border payments?",Bitcoin,Ethereum,CBDC (Central Bank Digital Currency),e-RUPI,Libra,CBDC (Central Bank Digital Currency)
349,"Which mascot has been unveiled for the 4th South Asian Athletics (SAAF) Senior Championships in Ranchi, Jharkhand?",Jharkhand Tiger,Tribal Spirit,Morabadi Eagle,Birsa Runner,Dalma,Dalma
350,"According to FSSAI’s recent directive, which labeling term cannot be used by food brands without WHO approval?",Electrolyte Drink,Energy Booster,ORS (Oral Rehydration Salts),Hydration Mix,Vitamin Water,ORS (Oral Rehydration Salts)
351,"Which airline has partnered with Digi Yatra to offer passengers a smooth, contactless boarding experience?",Air India,IndiGo,SpiceJet,GoAir,Vistara,IndiGo
352,"Since its inception in 2018, how many hospital admissions worth ₹1.29 lakh crore have been facilitated under Ayushman Bharat PM-JAY?",5 crore,7.5 crore,9.19 crore,10.74 crore,12 crore,9.19 crore
353,Which company is constructing the 12.9 km ropeway from Sonprayag to Kedarnath to reduce travel time from nine hours to 36 minutes?,Larsen & Toubro,Reliance Infrastructure,Adani Enterprises Ltd,Tata Projects,GMR Group,Adani Enterprises Ltd
354,Which fighter jet’s first LCA Tejas Mk1A was unveiled by Union Defence Minister Rajnath Singh at HAL Nashik?,Sukhoi Su-30,MiG-29,Dassault Rafale,HAL Tejas Mk1A,HAL Tejas Mk2,HAL Tejas Mk1A
355,Which university topped the Times Higher Education (THE) World University Rankings 2026?,Stanford University,Harvard University,University of Cambridge,University of Oxford,Massachusetts Institute of Technology (MIT),University of Oxford
356,Who received a 3-month extension as Chairman and Managing Director of BSNL and MTNL?,Anurag Thakur,A. Robert J. Ravi,Rajesh Kumar,Sanjay Mishra,P. K. Gupta,A. Robert J. Ravi
357,Who has been appointed as the new President of the Associated Chambers of Commerce and Industry of India (Assocham)?,Sanjay Nayar,Nirmal Kumar Minda,R. Dinesh,Harsh Goenka,Vikram Kirloskar,Nirmal Kumar Minda
358,What was the overall unemployment rate (UR) in India for persons aged 15 and above in September 2025 according to the PLFS Monthly Bulletin?,4.8%,5.0%,5.2%,5.5%,6.0%,5.2%
359,What is the purpose of the UNESCO Virtual Museum of Stolen Cultural Objects launched in 2025?,To showcase contemporary art from around the world,To address illicit trafficking of heritage items,To display natural history artifacts,To promote modern architecture,To provide virtual tourism experiences,To address illicit trafficking of heritage items
360,Which initiative was launched by IndiaAI under MeitY in 2025 to promote AI- based facial verification for public examinations?,ExamSecure Challenge,Face Authentication Challenge,AI Exam Guard,BioVerify Exam Initiative,Digital Exam Integrity Program,Face Authentication Challenge
361,RBI’s gold reserves recently crossed which milestone for the first time?,$50 billion,$75 billion,$90 billion,$100 billion,$120 billion,$100 billion
362,By how much did unclaimed money in mutual funds increase in 2024–25 compared to 2023–24?,21%,15%,10%,25%,30%,21%
363,"According to the amended IFSCA listing norms, what is the new maximum age limit for financial information in the offer document?",90 days,120 days,135 days,180 days,200 days,180 days
364,Which bank is set to acquire a ~60% stake in RBL Bank via preferential share issuance?,Emirates NBD Bank,ICICI Bank,HDFC Bank,State Bank of India,Axis Bank,Emirates NBD Bank
365,Which bank launched the short film “Making Cancer Care Accessible” to promote affordable cancer care during Breast Cancer Awareness Month?,Ujjivan Small Finance Bank,AU Small Finance Bank,Equitas Small Finance Bank,Suryoday Small Finance Bank,ESAF Small Finance Bank,Equitas Small Finance Bank
366,Which innovative feature did Bajaj Finserv AMC recently launch to link mutual fund investments with daily payments?,Invest & Spend Wallet,Pay with Mutual Fund,Instant Fund Transfer,Mutual Fund Cashback,UPI Redemption Link,Pay with Mutual Fund
367,"Which bank has partnered with Hitachi Payment Services to launch “Express Banking”, India’s first Digital Banking Point?",ICICI Bank,HDFC Bank,Axis Bank,IndusInd Bank,Yes Bank,Axis Bank
368,What were India’s total exports (merchandise + services) for April–September 2025 and their growth over the same period in 2024?,US$ 400.00 billion / 4.00% growth,US$ 413.30 billion / 4.45% growth,US$ 420.50 billion / 5.00% growth,US$ 430.00 billion / 4.80% growth,US$ 450.00 billion / 5.50% growth,US$ 413.30 billion / 4.45% growth
369,NITI Aayog’s ‘We Rise’ initiative has been launched in collaboration with which global organization?,World Bank,DP World,UN Women,IFC,FICCI,DP World
370,Which companies plan to establish India’s largest AI hub and data center campus in Visakhapatnam?,"Infosys, TCS, and Wipro","Google LLC, Adani Enterprises, and Bharti Airtel","Microsoft, Reliance, and HCL","Amazon, L&T, and Tech Mahindra","IBM, Tata Power, and Jio","Google LLC, Adani Enterprises, and Bharti Airtel"
371,Who are the main subjects of the book Sivam Subham: The Biography of a Couple?,M.S. Subba Lakshmi & T. Sadasivam,B.K. Harinarayanan & Parameswaran,Shah Rukh Khan & Karan Johar,Kiran Rao & Laapataa Ladies Cast,M.S. Subba Lakshmi & B.K. Harinarayanan,M.S. Subba Lakshmi & T. Sadasivam
372,Who flagged off the first batch of BrahMos missiles manufactured at Lucknow’s BrahMos Production Facility?,Narendra Modi,Rajnath Singh & Yogi Adityanath,Nirmala Sitharaman,Manohar Parrikar,Piyush Goyal,Rajnath Singh & Yogi Adityanath
373,What is the target set by Defence Minister Rajnath Singh for India’s defence manufacturing by 2029?,₹1.5 lakh crore,₹2 lakh crore,₹3 lakh crore,₹4 lakh crore,"₹50,000 crore",₹3 lakh crore
374,From which platform was India’s Nag Mk II Anti-Tank Guided Missile (ATGM) successfully test-fired recently?,Arjun Main Battle Tank,Future Combat Vehicle,T-90 Tank,BMP Infantry Combat Vehicle,Zoravar Light Tank,Zoravar Light Tank
375,Which aircraft model is being introduced in India under the partnership between Mahindra Group and Embraer Defense & Security?,C-130 Hercules,C-390 Millennium,IL-76 Falcon,AN-32 Plus,KC-390 Atlas,C-390 Millennium
376,"During the 9th edition of Deepotsav in Ayodhya, how many earthen lamps were lit along the ghats of the Saryu River?",12.5 lakh,18.32 lakh,35.50 lakh,30.00 lakh,26.17 lakh,26.17 lakh
377,What rank did India achieve in the Mercer CFA Institute Global Pension Index (MCGPI) 2025?,52nd,50th,45th,55th,60th,52nd
378,"By 2047, how many kilometres of dedicated passenger corridors does Indian Railways plan to develop?","≈ 3,500 km","≈ 5,000 km","≈ 7,000 km","≈ 8,500 km","≈ 10,000 km","≈ 7,000 km"
379,"What is the theme of World Food Day 2025, observed on October 16?",Food for All,Sustainable Food Systems for a Healthy Planet,Ending Hunger by 2030,Nutritious Diets for Everyone,Agriculture and Climate Action,Sustainable Food Systems for a Healthy Planet
380,LIC Bima Lakshmi (881) Plan has been launched exclusively for which group?,Senior Citizens,Farmers,Females,Government Employees,Students,Females
381,Which two multilateral development banks recently signed a US $3 billion Sovereign Exposure Exchange Agreement (EEA) to enhance lending capacity for developing countries?,ADB and IMF,ADB and World Bank,World Bank and AIIB,ADB and NDB,AIIB and IMF,ADB and World Bank
382,What is the name of India’s first indigenously discovered antibiotic developed by the Department of Biotechnology in collaboration with Wockhardt?,Azithromycin,Nafithromycin,Erythromycin,Clarithromycin,Penicillin,Nafithromycin
383,"According to the Confederation of All India Traders (CAIT) national survey, what was the total value of goods sold during the 2025 Navratri-to-Diwali festive period?",₹4.25 lakh crore,₹4.40 lakh crore,₹6.05 lakh crore,₹4.75 lakh crore,₹5.40 lakh crore,₹4.40 lakh crore
384,"As per the recent IMO meeting, what decision was taken regarding the carbon-free shipping framework?",Framework was adopted immediately,Framework was postponed by one year,Framework was rejected permanently,A new fuel standard was implemented,Framework was replaced by the U.S. proposal,Framework was postponed by one year
385,"Who won the Formula 1 United States Grand Prix 2025, marking his 68th career victory?",Lewis Hamilton,George Russell,Charles Leclerc,Sergio Perez,Max Verstappen,Max Verstappen
386,On which platform will the AI-driven Mahabharat premiere digitally?,Doordarshan,SonyLIV,WAVES OTT,Disney+ Hotstar,Zee5,WAVES OTT
387,"Under Ayushman Bharat–PM-JAY, what percentage of total hospital admissions were women as per NHA Annual Report 2024–25?",35%,42%,49%,55%,60%,49%
388,What is the total outlay of the newly launched “Kapas Kranti Mission” aimed at boosting long-staple cotton cultivation?,₹400 crore,₹500 crore,₹800 crore,₹700 crore,₹600 crore,₹600 crore
389,Which Indian judge has been appointed as the Chair of the World Intellectual Property Organization’s (WIPO) Advisory Board of Judges for the 2025–2027 term?,Justice Hima Kohli,Justice Prathiba M. Singh,Justice Indu Malhotra,Justice B.V. Nagarathna,Justice Bela Trivedi,Justice Prathiba M. Singh
390,Which organization will launch 24–48 hour guaranteed Speed Post service by January 2026?,Indian Railways,India Post,India Logistics Corporation,BSNL,NTPC,India Post
391,"Which global technology and AI event recently hosted over 6,800 exhibitors, 2,000 startups, and 1,200 investors, including a strong participation from India?",CES Las Vegas,Mobile World Congress,GITEX Global,Hannover Messe,Web Summit,GITEX Global
392,"Where is India’s only Mud Volcano located, which erupted again in 2025 after 20 years?","Barren Island, Andaman","Baratang Island, Andaman & Nicobar",Great Nicobar Island,Lakshadweep Islands,"North Sentinel Island, Andaman","Baratang Island, Andaman & Nicobar"
393,Which ministry released the first edition of the ‘State Mining Readiness Index (SMRI)’ and state-level rankings to promote mining sector reforms?,Ministry of Coal,Ministry of Finance,Ministry of Commerce & Industry,NITI Aayog,Ministry of Mines,Ministry of Mines
394,What is observed on October 20 to highlight the importance of data in building a sustainable future?,World Data Day,International Analytics Day,World Statistics Day,Global Information Day,Data Science Awareness Day,World Statistics Day
395,What is observed on October 21 in India to honor police personnel who sacrificed their lives in the line of duty?,National Security Day,Police Commemoration Day,Martyrs’ Day,Armed Forces Flag Day,National Police Day,Police Commemoration Day
396,Which banks provided the $215 million term loan to AI Fleet Services IFSC for financing six Boeing 777-300 ER aircraft for Air India?,Standard Chartered and Bank of India,State Bank of India and Axis Bank,HDFC Bank and ICICI Bank,Citibank and Kotak Mahindra Bank,Punjab National Bank and IDBI Bank,Standard Chartered and Bank of India
397,ICICI Bank has partnered with which institution to construct a new cancer care centre in Maharashtra?,AIIMS Delhi,Tata Memorial Centre (TMC),Apollo Hospitals,Fortis Healthcare,Medanta Hospital,Tata Memorial Centre (TMC)
398,"As per the Notaries (Amendment) Rules, 2025, what is the new maximum number of Notaries allowed to be appointed in Gujarat?","2,900","4,000","5,000","6,000","7,000","6,000"
399,"According to RBI data, by how much did India’s outward remittances for education fall in August 2025 (year-on-year)?",12%,19%,23.8%,28%,17.7%,23.8%
400,What proposal has the SEBI working group headed by R.S. Gandhi recently made regarding clearing corporations?,Decrease transaction charges,Merge clearing corporations,Abolish transaction charges,Keep broker charges higher,Increase transaction charges,Increase transaction charges
401,"What recent change has the Reserve Bank of India (RBI) made regarding the ₹10,000 crore ceiling on bank loans to a single corporate entity?","Ceiling reduced to ₹5,000 crore",Ceiling removed entirely,"Ceiling increased to ₹15,000 crore",No change to existing ceiling,Ceiling replaced by exposure ratio,Ceiling removed entirely
402,How many bird species were recorded in the latest survey at Kaziranga National Park and Tiger Reserve?,128,146,172,155,139,146
403,What is ‘Ola Shakti’ recently launched by Ola Electric?,A new electric scooter,A residential Battery Energy Storage System (BESS),A solar-powered charging station,A lithium mining project,An EV software platform,A residential Battery Energy Storage System (BESS)
404,Who has been appointed to the Supreme Court panel tasked with formulating an equal opportunity policy for the protection of transgender rights?,Grace Banu,Laxmi Narayan Tripathi,Vyjayanthi Vasanta Mogli,Nithya Rajshekhar,Akkai Padmashali,Akkai Padmashali
405,"As per the IUCN’s latest Red List update 2025, how many Indian bird species were assessed?",4,8,12,20,15,12
406,Which major labour reform did Saudi Arabia announce in June 2025?,Introduction of a minimum wage for all workers,End of the Kafala sponsorship system,Mandatory work permits for domestic workers,Reduction in working hours for migrant workers,Implementation of social security for foreign workers,End of the Kafala sponsorship system
407,When was the Pradhan Mantri Schools for Rising India (PM-SHRI) scheme launched?,"August 15, 2022","September 7, 2022","January 26, 2023","October 2, 2022","November 14, 2022","September 7, 2022"
408,What initiative has NHAI announced to improve road maintenance and asset management on National Highways?,Deployment of Automated Toll Booths,Installation of Smart Traffic Lights,Deployment of Network Survey Vehicles (NSVs),Launch of Highway Patrol Drones,Construction of Additional Service Lanes,Deployment of Network Survey Vehicles (NSVs)
409,Which city in India became the first to fully operationalize a Real Time Flood Forecasting and Spatial Decision Support System?,Mumbai,Chennai,Kolkata,Delhi,Bengaluru,Chennai
410,Who has been appointed as the new President of the Indian Cricketers’ Association (ICA)?,Mithali Raj,Jhulan Goswami,Anjum Chopra,Diana Edulji,Shantha Rangaswamy,Shantha Rangaswamy
411,Which institution is developing India’s first indigenously-designed 7- nanometer computer processor ‘Shakti’?,IIT Bombay,IISc Bengaluru,IIT Madras,DRDO,ISRO,IIT Madras
412,Which event did the Indian Army host in 2025 to deliberate on the future of UN peacekeeping operations?,International Defence Expo 2025,United Nations Troop Contributing Countries (UNTCC) Chiefs Conclave 2025,Global Military Leadership Summit 2025,Atmanirbhar Defence Technology Summit 2025,Strategic Peacekeeping Dialogue 2025,United Nations Troop Contributing Countries (UNTCC) Chiefs Conclave 2025
413,Under which Schedule will oral formulations containing more than 12% ethyl alcohol now be classified?,Schedule G,Schedule H,Schedule H1,Schedule H2,Schedule X,Schedule H1
414,When was ASEAN established?,15 August 1965,8 August 1967,12 March 1971,1 January 1975,5 June 1969,8 August 1967
415,What initiative did the Ministry of Health and Family Welfare launch to strengthen public health management of chemical emergencies?,Launch of AI-based Health Surveillance System,Training modules on Public Health Management of Chemical Emergencies,National Chemical Safety Policy,Mobile Emergency Response Units,Chemical Waste Management Program,Training modules on Public Health Management of Chemical Emergencies
416,"What is the theme of HaRBInger 2025, the innovation challenge organised by RBI?",Digital Payments and Fintech,"Secure Banking: Powered by Identity, Integrity and Inclusivity",Blockchain and Cryptocurrency,Financial Literacy for All,AI in Banking,"Secure Banking: Powered by Identity, Integrity and Inclusivity"
417,What was the average daily transaction value of UPI in October 2025 according to NPCI data?,"₹75,000 crore","₹84,000 crore","₹94,000 crore",₹1 lakh crore,"₹64,000 crore","₹94,000 crore"
418,"Which major chess event’s official logo and anthem were recently unveiled in Goa, India?",Candidates Tournament 2025,FIDE World Cup 2025,Grand Chess Tour 2025,Chess Olympiad 2025,Asian Chess Championship 2025,FIDE World Cup 2025
419,Which ministry launched the ‘Skilling for AI Readiness (SOAR)’ programme in July 2025?,Ministry of Education,Ministry of Skill Development and Entrepreneurship,Ministry of Electronics and IT,NITI Aayog,Ministry of Science and Technology,Ministry of Skill Development and Entrepreneurship
420,Which Indian state will become the first to be officially declared ‘Free of Extreme Poverty’ in 2025?,Tamil Nadu,Kerala,Sikkim,Himachal Pradesh,Goa,Kerala
421,What was the achievement of the Indian Junior Men’s Hockey Team in the 13th Sultan of Johor Cup?,Won Gold Medal,Won Silver Medal,Won Bronze Medal,Did not win any medal,Tournament was cancelled,Won Silver Medal
422,Which Indian Naval Ship participated in the Japan-India Maritime Exercise (JAIMEX-25)?,INS Kolkata,INS Sahyadri,INS Vikrant,INS Chennai,INS Tarkash,INS Sahyadri
423,Which recent defence contracts were signed by India for enhancing night vision and portable air defence capabilities?,Contract with MKU Ltd and Medbit for Advanced Night Sight,Contract with Thales UK for Light Weight Modular Missile System,Both A and B,Contract for fighter jets only,Contract for naval ships only,Both A and B
424,What is the name of the AI-powered web browser launched by OpenAI to challenge Google Chrome?,Orion,Gemini,Atlas,Nova,EdgeAI,Atlas
425,India secured which global rank in total forest area as per the Global Forest Resources Assessment (GFRA) 2025?,10th,8th,9th,7th,11th,9th
426,What major small-arms procurement did the Indian Army recently finalise?,Induction of Close Quarter Battle (CQB) carbines from 2026,Purchase of 7.62×51mm battle rifles only,Procurement of main battle tanks,Contract for advanced naval guns,Purchase cancelled due to budget constraints,Induction of Close Quarter Battle (CQB) carbines from 2026
427,The Trade and Economic Partnership Agreement (TEPA) between India and EFTA nations came into force on which date?,"April 1, 2024","June 15, 2024","September 1, 2025","October 1, 2025","December 31, 2025","October 1, 2025"
428,Which Indian athlete was recently appointed as an Honorary Lieutenant Colonel in the Territorial Army?,P.V. Sindhu,Mary Kom,Neeraj Chopra,Bajrang Punia,Saina Nehwal,Neeraj Chopra
429,India was re-elected as the Vice-Chairperson of which group at the UNESCO COP10 on Anti-Doping in Sport?,Group I – Europe,Group II – Africa,Group III – Latin America,Group IV – Asia-Pacific,Group V – Middle East,Group IV – Asia-Pacific
430,Which Indian Olympic Gold medalist has been appointed as a torchbearer for the Milano Cortina 2026 Winter Olympics?,Neeraj Chopra,P.V. Sindhu,Sushil Kumar,Abhinav Bindra,Mary Kom,Abhinav Bindra
431,Which country has recently become the 90th State Member of the International Union for Conservation of Nature (IUCN)?,Fiji,Samoa,Tonga,Vanuatu,Tuvalu,Tuvalu
432,Which journalists won the European Union’s 2025 Sakharov Prize for Freedom of Thought?,Anna Politkovskaya and Maria Ressa,Andrzej Poczobut and Mzia Amaghloebli,Dmitry Muratov and Julian Assange,Mzia Amaghloebli and Svetlana Alexievich,Andrzej Poczobut and Jamal Khashoggi,Andrzej Poczobut and Mzia Amaghloebli
433,Which organization has signed an MoU with Primus Partners Pvt. Ltd. to strengthen India’s startup ecosystem?,NITI Aayog,DPIIT,SIDBI,Invest India,None of the above,DPIIT
434,Which recent achievement did India’s U-17 women’s football team accomplish?,Qualified for the FIFA U-17 Women’s World Cup,Won the AFC U-17 Women’s Championship,Qualified for the AFC U-17 Women’s Asian Cup 2026,Reached finals of the 2005 Championship,Hosted the AFC U-17 Women’s Asian Cup 2026,Qualified for the AFC U-17 Women’s Asian Cup 2026
435,Which former Union Minister and senior Congress leader recently passed away?,Dr. Yogendra Makwana,P. Chidambaram,Manmohan Singh,Pranab Mukherjee,Ahmed Patel,Dr. Yogendra Makwana
436,"Which veteran actor, famous for his role in ""Sholay,"" recently passed away?",Amrish Puri,Govardhan Asrani,Om Puri,Kader Khan,Anupam Kher,Govardhan Asrani
437,Which bank has signed an MoU with DPIIT to provide enhanced support for startups in India?,HDFC Bank,ICICI Bank,Kotak Mahindra Bank,Axis Bank,State Bank of India,Kotak Mahindra Bank
438,Which bank received the titles of ‘World’s Best Consumer Bank 2025’ and ‘Best Bank in India 2025’?,HDFC Bank,ICICI Bank,Axis Bank,State Bank of India (SBI),Bank of Baroda,State Bank of India (SBI)
439,What is the total value of Phase-I of the Amaravati Capital City Development Project in Andhra Pradesh?,"₹10,000 crore","₹12,500 crore","₹15,000 crore","₹16,500 crore","₹18,000 crore","₹15,000 crore"
440,Which new feature has the Reserve Bank of India (RBI) launched to enable digital rupee payments without Internet or telecom connectivity?, e ₹ Connect,e ₹ Smart Pay,Offline Digital Rupee,UPI Lite+,BharatPay e ₹,Offline Digital Rupee
441,"As of September 2025, what was the total value of RBI’s gold reserves?",$85 billion,$90 billion,$95 billion,$100 billion,$105 billion,$95 billion
442,"According to the Reserve Bank of India (RBI), what percentage of total payment transaction volume in India was conducted through digital modes in the first half of 2025?",96.7%,97.7%,99.8%,95.5%,98.6%,99.8%
443,Which investment options have been extended to Central Government employees under NPS and UPS?,"LC25, LC50, LC75","Default option, Scheme G",BLC (Balanced Life Cycle),All of the above,None of the above,All of the above
444,"According to the RBI’s Payment Systems Report, how did credit and debit card transactions in India change between 2019 and 2024?",Both credit and debit card transactions increased,"Credit card transactions increased, debit card transactions decreased","Credit card transactions decreased, debit card transactions increased",Both credit and debit card transactions decreased,No significant change in either,"Credit card transactions increased, debit card transactions decreased"
445,"As per the Union Ministry of Cooperation, which cooperative societies will now serve as Bank Mitras of District Central and State Cooperative Banks?",Agricultural and Credit Cooperative Societies,Dairy and Fisheries Cooperative Societies,Women Self-Help Groups,Rural Development Cooperatives,Housing Cooperative Societies,Dairy and Fisheries Cooperative Societies
446,"From which date will the key provisions relating to nomination under the Banking Laws (Amendment) Act, 2025 come into effect?",15th April 2025,1st October 2025,1st November 2025,1st December 2025,15th November 2025,1st November 2025
447,"The World Economic Forum (WEF), in collaboration with which country, launched AI Playbooks for SMEs and agriculture?",Japan,United States,India,Germany,France,India
448,When will the Winter Schedule 2025 (WS25) for domestic airlines in India be effective?,1st October 2025,15th October 2025,26th October 2025,1st November 2025,15th November 2025,26th October 2025
449,"What is the name of India’s first cable suspension glass bridge being constructed in Rishikesh, Uttarakhand?",Bharat Setu,Bajrang Setu,Ganga Skywalk,Kedarnath Dham Bridge,Himalaya Glass Bridge,Bajrang Setu
450,India and the UK recently launched a new research fellowship named after which famous Indian mathematician?,C.V. Raman,S. Ramanujan,Homi J. Bhabha,Aryabhata,S. Chandrasekhar,S. Ramanujan
451,"Which Indian scientist from Nilgiris, Tamil Nadu, was included in the World’s Top Scientists List (2025 edition) compiled by Stanford University and Elsevier BV?",Dr Raghunath Mashelkar,Dr Ashokkumar Veeramuthu,Dr Gagandeep Kang,Dr Tessy Thomas,Dr Mylswamy Annadurai,Dr Ashokkumar Veeramuthu
452,"Project Arunank, which recently celebrated its 18th Raising Day, is associated with which organization?",Indian Army,Border Roads Organisation (BRO),National Highways Authority of India (NHAI),Ministry of Defence (Engineering Division),Central Public Works Department (CPWD),Border Roads Organisation (BRO)
453,Which pioneering Indian space scientist and key architect of India’s early space programme recently passed away?,Dr. Vikram Sarabhai,Dr. A.P.J. Abdul Kalam,Dr. Eknath Vasant Chitnis,Dr. Satish Dhawan,Dr. U.R. Rao,Dr. Eknath Vasant Chitnis
454,"Which advertising professional, known as the “Voice of Indian advertising,” recently passed away?",Prasoon Joshi,Piyush Pandey,R. Balki,Harish Bijoor,Alyque Padamsee,Piyush Pandey
455,When is World Snow Leopard Day observed and what is the theme for 2025?,23rd October,1st November,15th December,10th January,5th February,23rd October
456,Which new entity is being established to strengthen real-time fraud detection and risk management in India’s banking system?,Indian Banking Fraud Authority,Indian Digital Payment Intelligence Corporation,National Financial Risk Bureau,Fraud Monitoring & Analytics Centre,Digital Banking Security Agency,Indian Digital Payment Intelligence Corporation
457,Which organization launched the AI-powered digital assistant ‘UPI Help’ to simplify grievance redressal and transaction tracking?,Reserve Bank of India (RBI),Paytm,State Bank of India (SBI),ICICI Bank,National Payments Corporation of India (NPCI),National Payments Corporation of India (NPCI)
458,Which global investment firm announced plans to acquire a 9.99% stake in Federal Bank Limited?,KKR,TPG Capital,Carlyle Group,Bain Capital,Blackstone Inc.,Blackstone Inc.
459,"As per SEBI’s new proposal, after how many years from maturity will unclaimed amounts from non-convertible securities be transferred to the IEPF?",3 years,5 years,7 years,10 years,None of the above,7 years
460,The Reserve Bank of India (RBI) has released a draft circular proposing limits on banks’ exposure to which sectors?,Infrastructure and Real Estate,Renewable Energy Projects,MSMEs and Startups,Agriculture and Rural Credit,Capital Markets and Acquisition Finance,Capital Markets and Acquisition Finance
461,Which bank recently joined other lenders in labeling Reliance Communications’ ₹488 crore loan as fraudulent?,State Bank of India,Bank of Baroda,Bank of Maharashtra,Bank of India,ICICI Bank,Bank of Maharashtra
462,When was the SWAMIH Fund announced by the Government of India?,6 November 2019,10 March 2020,1 January 2021,5 May 2018,None of the above,6 November 2019
463,"Which shipyard delivered the Indian Navy Ship (INS) Mahe, the first of eight Anti-Submarine Warfare Shallow Water Crafts (ASW SWCs)?",Mazagon Dock Shipbuilders Limited (MDL),Garden Reach Shipbuilders and Engineers (GRSE),Goa Shipyard Limited (GSL),Cochin Shipyard Limited (CSL),Hindustan Shipyard Limited (HSL),Cochin Shipyard Limited (CSL)
464,"Which ministry launched the public awareness film on the People’s Plan Campaign – Sabki Yojana, Sabka Vikas?",Ministry of Rural Development,Ministry of Panchayati Raj,Ministry of Information & Broadcasting,NITI Aayog,None of the Above,Ministry of Panchayati Raj
465,Who has been appointed as the 53rd Chief Justice of India (CJI) in 2025?,Justice D.Y. Chandrachud,Justice Surya Kant,Justice N.V. Ramana,Justice U.U. Lalit,Justice Bhushan R. Gavai,Justice Surya Kant
466,Who has been appointed as the next Ambassador of India to Ireland?,Sanjay Verma,Manish Gupta,Renu Yadav,Pankaj Saran,None of the above,Manish Gupta
467,What is the purpose of the newly launched Online National Drug Licensing System (ONDLS) in India?,To promote online sales of medicines,To monitor high-risk pharmaceutical solvents in real time,To regulate import of foreign drugs,To ensure pricing control of essential medicines,To promote domestic drug exports,To monitor high-risk pharmaceutical solvents in real time
468,What is the purpose of the newly launched ‘Pratibha Setu Portal’?,To assist startups in hiring employees,To connect UPSC aspirants who narrowly missed selection with job opportunities,To provide coaching for UPSC aspirants,To track employment data in India,To promote government schemes,To connect UPSC aspirants who narrowly missed selection with job opportunities
469,INS Sutlej recently completed a joint hydrographic survey with which country?,Seychelles,Mauritius,Sri Lanka,Maldives,Bangladesh,Mauritius
470,What is the designation of India’s beyond-visual-range air-to-air missile (BVRAAM) developed with a Solid-Fuel Ducted Ramjet?,Akash-NG,Astra Mk3 (“Gandiva”),Nirbhay,BrahMos-A,Shaurya,Astra Mk3 (“Gandiva”)
471,China issued a yellow alert for which typhoon in October 2025?,Typhoon Doksuri,Typhoon Hinnamnor,Typhoon Fengshen,Typhoon Khanun,None of the above,Typhoon Fengshen
472,Which country won the FIFA U-20 World Cup 2025 by defeating Argentina in the final?,Argentina,Brazil,Ghana,Morocco,Spain,Morocco
473,Who won the 2025 British Academy Book Prize for The Burning Earth: An Environmental History of the Last 500 Years?,Amitav Ghosh,Sunil Amrith,Salman Rushdie,Arundhati Roy,Jhumpa Lahiri,Sunil Amrith
474,Who flagged off the ‘Walk for Dyslexia’ initiative to promote awareness and inclusivity for children with learning disabilities?,Sanjay Kumar,Dharmendra Pradhan,Ramesh Pokhriyal,Anita Karwal,Amit Khare,Sanjay Kumar
475,What is the theme of United Nations Day 2025?,Global Peace and Security,Education Shapes the Future,Climate Action for All,Sustainable Development Goals,Innovation and Technology,Education Shapes the Future
476,What is the theme for Vigilance Awareness Week 2025 observed in India?,Vigilance: Our Shared Responsibility,Ethics and Integrity,Transparency in Governance,Combating Corruption,Accountability Matters,Vigilance: Our Shared Responsibility
